Source,Target
Abdullah Al-Hamdani,Ismail Sengör Altingövde
Abdullah Al-Hamdani,Selma Ayse Özel
Abdullah Al-Hamdani,Özgür Ulusoy
Achim Kraiss,Frank Schön
Achim Kraiss,Gerhard Weikum
Achim Kraiss,Uwe Deppisch
Ada Wai-Chee Fu,David Wai-Lok Cheung
Ada Wai-Chee Fu,Frank Chi-Hung Tong
Ada Wai-Chee Fu,Ke Wang 0001
Adam Czezowski,Peter Christen
Adam Kowalczyk,Alexander J. Smola
Adam Laud,Gerald DeJong
Adam Meyerson,Nina Mishra
Adam Meyerson,Rajeev Motwani 0001
Adam Milstein,Evan Tang Williamson
Adam Milstein,Javier Nicolás Sánchez
Adam Rosien,Jeffrey Heer
Adriano Veloso,Bruno Gusmão Rocha
Adriano Veloso,Bruno Pôssas
Adriano Veloso,Mohammed Javeed Zaki
Adriano Veloso,Márcio de Carvalho
Adriano Veloso,Wagner Meira Jr.
Ahmed K. Elmagarmid,Athena Vakali
Ahmed K. Elmagarmid,Ihab F. Ilyas
Ahmed K. Elmagarmid,Moustafa A. Hammad
Ahmed K. Elmagarmid,Sunil Prabhakar
Ahmed K. Elmagarmid,Vassilios S. Verykios
Ahmed K. Elmagarmid,Yi-Cheng Tu
Ahuva Mu'alem,Noam Nisan
Aidan Finn,Barry Smyth
Aidan Finn,Nicholas Kushmerick
Alan Fern,Jeffrey Mark Siskind
Alan Fern,Robert Givan
Alberto H. F. Laender,Edward A. Fox
Alberto H. F. Laender,Juliano Palmieri Lage
Alberto H. F. Laender,Marcos André Gonçalves
Alberto H. F. Laender,Monique V. Vieira
Alberto H. F. Laender,Pablo A. Roberto
Alberto Lavelli,Bernardo Magnini
Alberto Lavelli,Fabrizio Sebastiani 0001
Alberto O. Mendelzon,John Keenleyside
Alberto O. Mendelzon,Kelly A. Lyons
Alberto Pan,Anastasio Molano
Alberto Pan,Juan Raposo
Alberto Pan,Justo Hidalgo
Alberto Pan,Lucía Ardao
Alberto Pan,Manuel Álvarez
Alberto Pan,Paula Montoto
Alberto Pan,Vicente Orjales
Alberto Pan,Ángel Viña
Albrecht Schmidt 0002,Florian Waas
Albrecht Schmidt 0002,Ioana Manolescu
Albrecht Schmidt 0002,Martin L. Kersten
Albrecht Schmidt 0002,Michael J. Carey 0001
Albrecht Schmidt 0002,Ralph Busse
Alessandro Campi,Stefano Ceri
Alex Fabrikant,Tad Hogg
Alex S. Fukunaga,David Andre
Alex S. Fukunaga,Ed Hamilton
Alex S. Fukunaga,Jason Fama
Alex S. Fukunaga,Ofer Matan
Alexander G. Hauptmann,ChengXiang Zhai
Alexander G. Hauptmann,James P. Callan
Alexander Hinneburg,Daniel A. Keim
Alexander Hinneburg,Markus Wawryniuk
Alexander Kott,John Langston
Alexander Kott,Kenneth D. Forbus
Alexander Kott,Larry Ground
Alexander Kott,Ray Budd
Alexander Kreutz,Alfons Kemper
Alexander Kreutz,Donald Kossmann
Alexander M. Fraser,Ralph M. Weischedel
Alexander Maedche,Valentin Zacharias
Alexander S. Szalay,Ani Thakar
Alexander S. Szalay,Christopher Stoughton
Alexander S. Szalay,Jan vandenBerg
Alexander S. Szalay,Jim Gray 0001
Alexander S. Szalay,Peter Z. Kunszt
Alexander Tuzhilin,Bing Liu 0001
Alexander Tuzhilin,Gediminas Adomavicius
Alexander Ypma,Tom Heskes
Alexandra Poulovassilis,Peter T. Wood
Alexandre Termier,Michèle Sebag
Alexandre V. Evfimievski,Johannes Gehrke
Alexandre V. Evfimievski,Rakesh Agrawal 0001
Alexandros Nanopoulos,Yannis Manolopoulos
Alexandros Nanopoulos,Yannis Theodoridis
Alfons Kemper,Donald Kossmann
Alfredo Cuzzocrea,Andrea Pugliese 0001
Alfredo Cuzzocrea,Carlo Mastroianni
Alfredo Cuzzocrea,Riccardo Ortale
Ali Saman Tosun,Hakan Ferhatosmanoglu
Alin Dobra,Johannes Gehrke
Alin Dobra,Rajeev Rastogi
Alok Kirpal,Chandra Mouli
Amal Perera,Yi Zhang
Amir Globerson,Naftali Tishby
Amy Greenwald,Peter R. Wurman
Amy Greenwald,Peter Stone
Amy P. Felty,Stan Matwin
Anastasio Molano,Ángel Viña
Andreas Geyer-Schulz,Michael Hahsler
Andreas Grünhagen,Donald Kossmann
Andreas Grünhagen,Steffen Rost
Andreas Koeller,Elke A. Rundensteiner
Andreas Rauber,Dieter Merkl
Andreas Rauber,Elias Pampalk
Andrew Garland,Neal Lesh
Andrew Graves,Mounia Lalmas
Andrew I. Schein,David M. Pennock
Andrew I. Schein,Lyle H. Ungar
Andrew J. Martignoni III,William D. Smart
Andrew Turpin,William R. Hersh
Andrew W. Moore 0001,Gregory F. Cooper
Andrew W. Moore 0001,Jeff G. Schneider
Andrew W. Moore 0001,Michael M. Wagner
Andrzej Cichocki,Joseph Desmarais
Andrzej Cichocki,Peter Bates
André Seifert,Marc H. Scholl
Angela Bonifati,Alessandro Campi
Angela Bonifati,Daniele Braga
Angela Bonifati,Stefano Ceri
Angelo J. Pilotto,Ophir Frieder
Ani Thakar,Christopher Stoughton
Ani Thakar,Jan vandenBerg
Ani Thakar,Peter Z. Kunszt
Anis Benammar,Gilles Hubert
Anis Benammar,Josiane Mothe
Anja Theobald,Gerhard Weikum
Ann Christine Catlin,Ahmed K. Elmagarmid
Ann Christine Catlin,Athena Vakali
Ann Christine Catlin,Ihab F. Ilyas
Ann Christine Catlin,Moustafa A. Hammad
Ann Christine Catlin,Sunil Prabhakar
Ann Christine Catlin,Yi-Cheng Tu
Anna C. Gilbert,Martin Strauss 0001
Anna C. Gilbert,Yannis Kotidis
Anne Descour,Richard T. Snodgrass
Anne Diekema,Joanne Silverstein
Anne Diekema,Nancy J. McCracken
Anne Diekema,Stuart A. Sutton
Anne H. H. Ngu,Andrzej Cichocki
Anne H. H. Ngu,Dimitrios Georgakopoulos
Anne H. H. Ngu,Donald Baker
Anne H. H. Ngu,Joseph Desmarais
Anne H. H. Ngu,Marlon Dumas
Anne H. H. Ngu,Peter Bates
Anne Ruas,Marc J. van Kreveld
Anne Ruas,Mark Sanderson
Anne Ruas,Monika Sester
Anne Ruas,Robert Weibel
Anni Coden,Eric W. Brown 0001
Anthony Rowe,Jameel Syed
Anthony Rowe,Patrick Wendel
Antoine Mensch,Anthony Tomasic
Anton Faradjian,Johannes Gehrke
Anton Faradjian,Philippe Bonnet
Anton Leuski,James Allan
Anton Schwaighofer,Volker Tresp
Antonio Lopez,James Donlon
Antonio Lopez,William Cleckner
Antonios Deligiannakis,Nick Roussopoulos
Antonios Deligiannakis,Yannis Kotidis
Anuradha Bhamidipaty,Alok Kirpal
Anuradha Bhamidipaty,Chandra Mouli
Ao Feng,James Allan
Arash Rafiey,Mehrdad Shahshahani
Aris Tsois,Frank Ramsak
Aris Tsois,Klaus Elhardt
Aris Tsois,Robert Fenk
Aris Tsois,Roland Pieringer
Aris Tsois,Rudolf Bayer
Aris Tsois,Volker Markl
Aristides Gionis,Dan Klein
Aristides Gionis,Piotr Indyk
Arjen P. de Vries,Martin L. Kersten
Arjen P. de Vries,Niels Nes
Arjen P. de Vries,Nikos Mamoulis
Armin Hust,Andreas Dengel 0001
Armin Hust,Markus Junker 0002
Arnaud Giacometti,Dominique Laurent
Arnaud Giacometti,Nicolas Spyratos
Arnd Christian König,Gerhard Weikum
Arno J. Knobbe,Arno Siebes
Arno J. Knobbe,Bart Marseille
Arno Siebes,Bart Marseille
Arthur H. M. ter Hofstede,Nick Russell
Aruna Lorensuhewa,Binh Pham 0001
Aruna Lorensuhewa,Shlomo Geva
Arvind Arasu,Brian Babcock
Arvind Arasu,Jennifer Widom
Arvind Arasu,Jon McAlister
Arvind Hulgeri,Soumen Chakrabarti
Ashish Goel,Cyrus Shahabi
Ashish Goel,Roger Zimmermann
Ashish Kumar Gupta,Vivek R. Narasayya
Ashish Sureka,Peter R. Wurman
Ashutosh Garg,Dan Roth
Ashutosh Garg,Sariel Har-Peled
Asuman Dogac,Sait Pektas
Asuman Dogac,Serkan Toprak
Asuman Dogac,Yusuf Tambag
Avi Finkel,Chip Whitmer
Avi Finkel,Natalie S. Glance
Avi Finkel,Robert Stockton
Avi Finkel,Tom Pierce
Avigdor Gal,Gang Xu
Axel Kilian,Dieter Merkel
Axel Kilian,Gunnar Wegner
Axel Kilian,Johann Christoph Freytag
Axel Kilian,Peter Rieger
Axel Mönkeberg,Christof Hasse
Axel Mönkeberg,Peter Zabback
Ayhan Demiriz,Richard Maclin
Ayman Farahat,Francine Chen 0001
Ayman Farahat,Geoffrey Nunberg
Babak Akhgar,Innes Ritchie
Babak Akhgar,James Stevenson
Babak Akhgar,Jawed I. A. Siddiqi
Babak Akhgar,Khalid Hafeez
Babak Akhgar,Mehrdad Naderi
Barbara Oliboni,Daniele Pasini
Barbara Oliboni,Giuseppe Viviani
Barbara Oliboni,Letizia Tanca
Bei Yu,Les Gasser
Ben Kao,Chi Lap Yip
Ben Kao,Chi-Yuen Ng
Ben Kao,David Wai-Lok Cheung
Benjamin B. Perry,Julie A. Stilson
Benjamin B. Perry,William H. Hsu
Benjamin Kuipers,Patrick Beeson
Benoît Dageville,Mohamed Zaït
Bernardo Magnini,Fabrizio Sebastiani 0001
Bernd Amann,Anne-Marie Vercoustre
Bernd Amann,Catriel Beeri
Bernd Amann,Michel Scholl
Bernd Meyer 0001,Laurent Tardif
Bernd Wiswedel,David E. Patterson
Bernhard Mitschang,Quan Wang
Bernhard Pfahringer,Eibe Frank
Bernhard Pfahringer,Mark A. Hall
Bernhard Pfahringer,Richard Kirkby
Bernhard Schölkopf,Christina S. Leslie
Bernhard Schölkopf,Jason Weston
Bernhard Schölkopf,William Stafford Noble
Bernhard Seeger,David Scot Taylor
Bernhard Seeger,Peter Widmayer
Bernhard Zeller,Alfons Kemper
Bertram Ludäscher,Maryann E. Martone
Bertram Ludäscher,Yannis Papakonstantinou
Bettina Berendt,Miki Nakagawa
Bettina Berendt,Myra Spiliopoulou
Bhavani Raskutti,Adam Kowalczyk
Bhavani Raskutti,Herman L. Ferrá
Bianca Zadrozny,Charles Elkan
Bianca Zadrozny,Wei Fan 0001
Bin Chen,Peter J. Haas
Bin Chen,Peter Scheuermann
Bin Fang,Wynne Hsu
Bin Liu 0005,Elke A. Rundensteiner
Bin Wang 0004,Shuo Bai
Bing Liu 0001,Jing Liu
Bing Liu 0001,Kaidi Zhao
Bing Liu 0001,Ke Wang
Bing Liu 0001,Lan Yi
Bing Liu 0001,Philip S. Yu
Bing Zhao,Stephan Vogel
Binh Pham 0001,Shlomo Geva
Binyamin Rosenfeld,Ronen Feldman
Binyamin Rosenfeld,Yonatan Aumann
Birger Larsen,Peter Ingwersen
Birgit Hay,Geert Wets
Birgit Hay,Koen Vanhoof
Birgit Zimmermann,Karin Harbusch
Birgit Zimmermann,Melanie Gnasa
Björn Bringmann,Friedrich Neubarth
Björn Bringmann,Gerhard Widmer
Björn Bringmann,Hannes Pirker
Björn Bringmann,Stefan Kramer 0001
Bogdan Stanescu,Antonio Lopez
Bogdan Stanescu,Cristina Boicu
Bogdan Stanescu,James Donlon
Bogdan Stanescu,Jerry Comello
Bogdan Stanescu,Marcel Barbulescu
Bogdan Stanescu,William Cleckner
Bohdana Ratitch,Doina Precup
Boris Wolf,Matthias Palmér
Boris Wolf,Michael Sintek
Boris Wolf,Mikael Nilsson
Boris Wolf,Stefan Decker
Boris Wolf,Tore Risch
Brandon C. S. Sanders,Rahul Sukthankar
Brandon C. S. Sanders,Randal C. Nelson
Brent Heeringa,Niall M. Adams
Brian Babcock,Jennifer Widom
Brian Babcock,Jon McAlister
Brian Babcock,Rajeev Motwani 0001
Brian F. Cooper,Gísli R. Hjaltason
Brian F. Cooper,Michael J. Franklin
Brian F. Cooper,Moshe Shadmon
Brian Murphy,Elke A. Rundensteiner
Bruce G. Lindsay 0001,Jeffrey F. Naughton
Bruce G. Lindsay 0001,Larry Brown
Bruce W. Porter,Andres C. Rodriguez
Bruno Gusmão Rocha,Mohammed Javeed Zaki
Bruno Gusmão Rocha,Márcio de Carvalho
Bruno Gusmão Rocha,Wagner Meira Jr.
Bruno Pôssas,Mohammed Javeed Zaki
Bruno Pôssas,Wagner Meira Jr.
Bryan Smith,Lubor Kollár
Caetano Traina Jr.,Christos Faloutsos
Caetano Traina Jr.,Roberto F. Santos Filho
Carla P. Gomes,Bart Selman
Carlo Blundo,Annalisa De Bonis
Carlo Blundo,Stelvio Cimato
Carlo Mastroianni,Andrea Pugliese 0001
Carlo Mastroianni,Riccardo Ortale
Carlos A. Hurtado,Alberto O. Mendelzon
Carlos Guestrin,Dale Schuurmans
Carlos Guestrin,Daphne Koller
Carlos Guestrin,Michail G. Lagoudakis
Carlos Guestrin,Ronald Parr
Carlos Guestrin,Shobha Venkataraman
Carlos Ordonez 0001,Edward Omiecinski
Carlotta Domeniconi,Dimitrios Gunopulos
Carlotta Domeniconi,George Kollios
Carlotta Domeniconi,Nick Koudas
Carlotta Domeniconi,Ricardo Vilalta
Carlotta Domeniconi,Sheng Ma
Carmel Domshlak,Natalia Orlov
Carmen Constantinescu,Holger Meinecke
Carmen Constantinescu,Uwe Heinkel
Carole R. Beal,Niall M. Adams
Carson Kai-Sang Leung,Heikki Mannila
Carson Kai-Sang Leung,Raymond T. Ng
Catriel Beeri,Anne-Marie Vercoustre
Catriel Beeri,Michel Scholl
Cecilia Magdalena Procopiuc,Michael Jones
Cecilia Magdalena Procopiuc,Pankaj K. Agarwal
Chang-Hung Lee,Philip S. Yu
Charles D. Cranor,Oliver Spatscheck
Charles D. Cranor,Theodore Johnson
Charles D. Cranor,Vladislav Shkapenyuk
Charles D. Cranor,Yuan Gao
Charles L. A. Clarke,Egidio L. Terra
Charles L. A. Clarke,Gordon V. Cormack
Charles L. A. Clarke,Thomas R. Lynam
Charles Lee Isbell Jr.,Diane J. Litman
Charles Lee Isbell Jr.,Jessica Howe
Charles Lee Isbell Jr.,Satinder P. Singh
Charles X. Ling,Jie Cheng
Charles X. Ling,Qiang Yang 0001
Charu C. Aggarwal,Philip S. Yu
Chee Yong Chan,Pascal Felber
Chee Yong Chan,Rajeev Rastogi
Chen Li 0001,Sharad Mehrotra
Cheng-Ru Lin,Chang-Hung Lee
Cheng-Ru Lin,Philip S. Yu
ChengXiang Zhai,John D. Lafferty
Chris Bystroff,Mohammed Javeed Zaki
Chris H. Q. Ding,Horst D. Simon
Chris H. Q. Ding,Parry Husbands
Chris Jermaine,Edward Omiecinski
Chris Jermaine,Wai Gen Yee
Chris Olston,Jennifer Widom
Chris Stolte,Diane Tang
Chris Stolte,Pat Hanrahan
Christian Borgelt,Michael R. Berthold
Christian Böhm,Florian Krebs
Christian Convey,Greg Seidman
Christian Convey,Michael Stonebraker
Christian Convey,Stanley B. Zdonik
Christian S. Jensen,Torben Bach Pedersen
Christian Wiesner,Alfons Kemper
Christian Wiesner,Peter Winklhofer
Christina S. Leslie,William Stafford Noble
Christina Yip Chung,Alpha K. Luk
Christina Yip Chung,Bin Chen
Christina Yip Chung,Michael Gertz 0001
Christina Yip Chung,Neel Sundaresan
Christina Yip Chung,Raymond Lieu
Christine Xing Wang,Theodore Johnson
Christof Hasse,Peter Zabback
Christoph Koch 0001,Reinhard Pichler
Christoph Mangold,Ulrich Güntzer
Christopher B. Jones,Anne Ruas
Christopher B. Jones,Marc J. van Kreveld
Christopher B. Jones,Mark Sanderson
Christopher B. Jones,Monika Sester
Christopher B. Jones,Robert Weibel
Christopher B. Jones,Ross Purves
Christopher Kermorvant,Pierre Dupont
Christopher McCubbin,David Alger
Christopher McCubbin,Michael Pekala
Christopher McCubbin,Shon Vick
Christopher Meek,David Heckerman
Christopher Meek,David Maxwell Chickering
Christopher R. Palmer,Christos Faloutsos
Christopher R. Palmer,Phillip B. Gibbons
Christopher Stoughton,Jan vandenBerg
Christos Amanatidis,Maria Halkidi
Christos Amanatidis,Michalis Vazirgiannis
Christos Berberidis,Ahmed K. Elmagarmid
Christos Berberidis,Ioannis P. Vlahavas
Christos Berberidis,Mikhail J. Atallah
Christos Berberidis,Walid G. Aref
Christos Faloutsos,Robert Laurini
Christos Faloutsos,Sylvie Servigne
Christos Faloutsos,Tara M. Madhyastha
Chuck Freiwald,Mahesh Jagannath
Chuck Freiwald,Richard Jiang
Chun Tang,Yong Shi
Chun Zhang,Guy M. Lohman
Chun Zhang,Nimrod Megiddo
Chung-Min Chen,Christine T. Cheng
Claude Frasson,Marc Kaltenbach
Claudio Bartolini,Chris Preist
Claudio Bettini,Sushil Jajodia
Clemens Bertram,Amit P. Sheth
Corin R. Anderson,Daniel S. Weld
Corin R. Anderson,Eric Horvitz
Corin R. Anderson,Pedro M. Domingos
Costas Vassilakis,George R. S. Weir
Craig A. Knoblock,Jean Oh
Craig A. Knoblock,Maria Muslea
Craig A. Knoblock,Steven Minton
Craig Boutilier,Carlos Guestrin
Craig Boutilier,Dale Schuurmans
Craig J. A. McEwan,Ian Ruthven
Craig Saunders,Hauke Tschach
Craig Saunders,John Shawe-Taylor
Cristian Bucila,Daniel Kifer
Cristian Bucila,Johannes Gehrke
Cristian Bucila,Walker M. White
Cristian Gozzi,Giuseppe Manco 0001
Cristina Boicu,Antonio Lopez
Cristina Boicu,Gheorghe Tecuci
Cristina Boicu,James Donlon
Cristina Boicu,Jerry Comello
Cristina Boicu,Marcel Barbulescu
Cristina Boicu,Mihai Boicu
Cristina Boicu,William Cleckner
Curt J. Ellmann,Jeffrey F. Naughton
Curt J. Ellmann,Peter J. Haas
Cyril Goutte,Francine Chen 0001
Cyril Goutte,Kris Popat
Cyrus Shahabi,Roger Zimmermann
Céline Rouveirol,Michèle Sebag
César Ferri,José Hernández-Orallo
César Ferri,Peter A. Flach
Dale Schuurmans,Carlos Guestrin
Dale Schuurmans,Craig Boutilier
Dale Schuurmans,Nick Cercone
Dale Schuurmans,Stephen E. Robertson
Damien Brain,Geoffrey I. Webb
Dan Cosley,David M. Pennock
Dan Cosley,Steve Lawrence
Dan Klein,Christopher D. Manning
Dan Klein,Piotr Indyk
Dan Olteanu,François Bry
Dan Olteanu,Holger Meuss
Dan Olteanu,Tim Furche
Daniel A. Keim,Markus Wawryniuk
Daniel Alexander Ford,Calvin Powers
Daniel Barbará,Julia Couto 0001
Daniel Barbará,Yi Li
Daniel G. Shapiro,Pat Langley
Daniel Gruhl,Amit Somani
Daniel Heesch,Stefan M. Rüger
Daniel J. Abadi,Mitch Cherniack
Daniel Kifer,Walker M. White
Daniel L. Silver,Robert E. Mercer
Daniel S. Bernstein,Lev Finkelstein
Daniel S. Bernstein,Shlomo Zilberstein
Daniel S. Bernstein,Theodore J. Perkins
Daniela Florescu,Andreas Grünhagen
Daniela Florescu,Donald Kossmann
Daniela Florescu,Steffen Rost
Daniela Petrelli,Jussi Karlgren
Daniela Petrelli,Mark Sanderson
Daniela Petrelli,Micheline Beaulieu
Daniele Braga,Alessandro Campi
Daniele Braga,Stefano Ceri
Daniele Pasini,Giuseppe Viviani
Daniele Pasini,Letizia Tanca
Daniele Peri,Roberto Pirrone
Dao Dinh Kha,Masatoshi Yoshikawa
Dao Dinh Kha,Shunsuke Uemura
Daphne Koller,Ben Wegbreit
Darnell J. Moore,Irfan A. Essa
David A. Evans 0001,James G. Shanahan
David A. Evans 0001,Victor Sheftel
David A. Grossman,Ophir Frieder
David A. McAllester,János A. Csirik
David A. McAllester,Michael L. Littman
David Andre,Ofer Matan
David Andre,Stuart J. Russell
David Avant,Amit P. Sheth
David Avant,Clemens Bertram
David B. Lomet,Gerhard Weikum
David Baxter,Roland Reagan
David Carmel,Aya Soffer
David Carmel,Eitan Farchi
David Carmel,Yael Petruschka
David D. Jensen,Jennifer Neville
David Eppstein,Joseph Wang
David J. DeWitt,Jeffrey F. Naughton
David J. DeWitt,Qi Su
David J. Stracuzzi,Paul E. Utgoff
David L. Dowe,Lloyd Allison
David M. Hart,Michael J. Pazzani
David M. Pennock,Gary William Flake
David M. Pennock,Robert Krovetz
David M. Pennock,Steve Lawrence
David Maxwell Chickering,David Heckerman
David Modjeska,Daniel Wigdor
David Scheidt,Christopher McCubbin
David Scheidt,David Alger
David Scheidt,Michael Pekala
David Scheidt,Shon Vick
David Scot Taylor,Peter Widmayer
David Sun,Johannes Gehrke
David Trastour,Chris Preist
David Trastour,Claudio Bartolini
David Vickrey,Daphne Koller
David W. Patterson,Mykola Galushka
David W. Patterson,Niall Rooney
David Wai-Lok Cheung,Chi Lap Yip
David Wai-Lok Cheung,Chi-Yuen Ng
Dennis E. Shasha,Jason Tsong-Li Wang
Dennis E. Shasha,Philippe Bonnet
Dennis E. Shasha,Rosalba Giugno
Denver Dash,Gregory F. Cooper
Deo N. Bhardwaj,Manish P. Kurhekar
Deo N. Bhardwaj,Pankaj Kankar
Devina Desai,Vinay Bhat
Dian Tjondronegoro,Binh Pham 0001
Dian Tjondronegoro,Yi-Ping Phoebe Chen
Diane J. Litman,Jessica Howe
Diane Kelly 0001,Nicholas J. Belkin
Diane Kelly 0001,Vanessa Murdock 0001
Diane Tang,Pat Hanrahan
Diego Calvanese,Giuseppe De Giacomo
Diego Calvanese,Maurizio Lenzerini
Diego Calvanese,Moshe Y. Vardi
Dieter Merkel,Johann Christoph Freytag
Dimitrios Georgakopoulos,Andrzej Cichocki
Dimitrios Georgakopoulos,Donald Baker
Dimitrios Georgakopoulos,Joseph Desmarais
Dimitrios Georgakopoulos,Peter Bates
Dimitrios Gunopulos,Bernhard Seeger
Dimitrios Gunopulos,Demetrios Zeinalipour-Yazti
Dimitrios Gunopulos,George Kollios
Dimitrios Gunopulos,Nick Koudas
Dimitris Papadias,Jun Zhang 0005
Dimitris Papadias,Panos Kalnis
Dimitris Plexousakis,Michel Scholl
Dirk Bahle,Hugh E. Williams
Dirk Bahle,Justin Zobel
Djamel A. Zighed,Fabrice Muhlenbach
Djamel A. Zighed,Stéphane Lallich
Dmitri V. Kalashnikov,Oliver Po
Dmitri V. Kalashnikov,Radu Sion
Dmitry Davidov,Shaul Markovitch
Domenico Rosaci,Domenico Saccà
Domenico Rosaci,Luigi Pontieri
Dominique Laurent,Nicolas Spyratos
Donald Baker,Andrzej Cichocki
Donald Baker,Joseph Desmarais
Donald Baker,Peter Bates
Donald Carney,Christian Convey
Donald Carney,Greg Seidman
Donald Carney,Michael Stonebraker
Donald Carney,Mitch Cherniack
Donald Carney,Stanley B. Zdonik
Donald Kossmann,Frank Ramsak
Donald Kossmann,Steffen Rost
Donato Malerba,Floriana Esposito
Donato Malerba,Michelangelo Ceci
Dorian Suc,Ivan Bratko
Dorin Marcu,Antonio Lopez
Dorin Marcu,Bogdan Stanescu
Dorin Marcu,Cristina Boicu
Dorin Marcu,James Donlon
Dorin Marcu,Jerry Comello
Dorin Marcu,Marcel Barbulescu
Dorin Marcu,William Cleckner
Doron Cohen,Aya Soffer
Doron Cohen,Michael Herscovici
Doron Cohen,Yael Petruschka
Douglas Aberdeen,Jonathan Baxter
Douglas W. Oard,Funda Ertunc
Dragan Gamberger,Nada Lavrac
Dragomir R. Radev,Harris Wu
Dragomir R. Radev,Hong Qi
Dídac Busquets,Carles Sierra
Dídac Busquets,Ramón López de Mántaras
Eamonn J. Keogh,Bill Yuan-chi Chiu
Eamonn J. Keogh,David M. Hart
Eamonn J. Keogh,Jessica Lin 0001
Eamonn J. Keogh,Michael J. Pazzani
Eamonn J. Keogh,Shruti Kasetty
Eamonn J. Keogh,Stefano Lonardi
Ed Hamilton,David Andre
Ed Hamilton,Jason Fama
Ed Hamilton,Ofer Matan
Ed Huai-hsin Chi,Adam Rosien
Ed Huai-hsin Chi,Jeffrey Heer
Edda Leopold,Jörg Kindermann
Edda Leopold,Martha A. Larson
Edda Leopold,Stefan Eickeler
Edith Cohen,Haim Kaplan
Edith Cohen,Tova Milo
Edoardo Ardizzone,Daniele Peri
Edoardo Ardizzone,Marco La Cascia
Edoardo Ardizzone,Roberto Pirrone
Edoardo Ardizzone,Umberto Maniscalco
Edward Omiecinski,Chris Jermaine
Edward Omiecinski,Wai Gen Yee
Edwin P. D. Pednault,Bianca Zadrozny
Edwin P. D. Pednault,Naoki Abe
Edwin P. D. Pednault,Wei Fan 0001
Ehud Gudes,Carmel Domshlak
Ehud Gudes,Natalia Orlov
Ehud Gudes,Solomon Eyal Shimony
Eibe Frank,Mark A. Hall
Eike Schallehn,Gunter Saake
Eileen Allen,Anne Diekema
Eileen Allen,Joanne Silverstein
Eileen Allen,Nancy J. McCracken
Eileen Allen,Necati Ercan Ozgencil
Eileen Allen,Sarah Harwell
Eileen Allen,Stuart A. Sutton
Eileen Allen,Susan Corieri
Eileen Allen,Özgür Yilmazel
Eitan Farchi,Aya Soffer
Eitan Farchi,Yael Petruschka
Elena Baralis,Paolo Garza
Elias Pampalk,Dieter Merkl
Elisa Bertino,Giovanna Guerrini
Elisa Bertino,Luigi Tosetto
Elisa Bertino,Marco Mesiti
Elisabeth Crawford,Eric McCreath
Elisabeth Crawford,Judy Kay
Elizabeth D. Liddy,Anne Diekema
Elizabeth D. Liddy,Eileen Allen
Elizabeth D. Liddy,Joanne Silverstein
Elizabeth D. Liddy,Nancy J. McCracken
Elizabeth D. Liddy,Necati Ercan Ozgencil
Elizabeth D. Liddy,Sarah Harwell
Elizabeth D. Liddy,Stuart A. Sutton
Elizabeth D. Liddy,Susan Corieri
Elizabeth D. Liddy,Özgür Yilmazel
Elke A. Rundensteiner,Jing Yang 0001
Elke A. Rundensteiner,Matthew O. Ward
Elke A. Rundensteiner,Punit R. Doshi
Elke A. Rundensteiner,Song Wang 0001
Ella Bingham,Heikki Mannila
Ella Bingham,Jouni K. Seppänen
Ella Bingham,Jukka Kuusisto
Ella Bingham,Krista Lagus
Ellen M. Voorhees,Chris Buckley
Emi Ishida,Kazuko Kuriyama
Emi Ishida,Noriko Kando
Emilia Mendes,Ian D. Watson
Enrico Giunchiglia,Armando Tacchella
Enrico Giunchiglia,Massimo Narizzano
Enrique Frías-Martínez,Vijay Karamcheti
Eric Brill,Andrew Y. Ng
Eric Brill,Jimmy J. Lin
Eric C. Jensen,Angelo J. Pilotto
Eric C. Jensen,Ophir Frieder
Eric C. Jensen,Steven M. Beitzel
Eric Horvitz,Bart Selman
Eric Horvitz,Carla P. Gomes
Eric J. Glover,David M. Pennock
Eric J. Glover,Gary William Flake
Eric J. Glover,Kostas Tsioutsiouliklis
Eric J. Glover,Robert Krovetz
Eric J. Glover,Steve Lawrence
Eric Ka Ka Ng,Ada Wai-Chee Fu
Eric Ka Ka Ng,Ke Wang 0001
Erick Cantú-Paz,David Littau
Erik Zeitler,Naomi Inoue
Ernesto Damiani,Barbara Oliboni
Ernesto Damiani,Daniele Pasini
Ernesto Damiani,Giuseppe Viviani
Ernesto Damiani,Letizia Tanca
Ernesto Damiani,Nico Lavarini
Ernesto Damiani,Pierangela Samarati
Ernesto Damiani,Sabrina De Capitani di Vimercati
Ernesto Damiani,Stefania Marrara
Ernesto Damiani,Stefano Paraboschi
Eugene Inseok Chong,Chuck Freiwald
Eugene Inseok Chong,Mahesh Jagannath
Eugene Inseok Chong,Richard Jiang
Eugene J. Shekita,Chun Zhang
Eyal Bin,Roy Emek
Fabien De Marchi,Stéphane Lopes
Fabio Ciravegna,Daniela Petrelli
Fabio Ciravegna,Yorick Wilks
Fabio Crestani,Jesús Vegas
Fabio Crestani,Pablo de la Fuente
Fabrice Muhlenbach,Ricco Rakotomalala
Fabrizio Angiulli,Clara Pizzuti
Fabrizio Cornelli,Ernesto Damiani
Fabrizio Cornelli,Pierangela Samarati
Fabrizio Cornelli,Sabrina De Capitani di Vimercati
Fabrizio Cornelli,Stefano Paraboschi
Falk Scholer,Hugh E. Williams
Falk Scholer,John Yiannis
Falk Scholer,Justin Zobel
Fang Chu,Philip S. Yu
Fang Liu 0019,Clement T. Yu
Federica Mandreoli,Paolo Tiberio
Federica Mandreoli,Riccardo Martoglia
Felipe Saint-Jean,Carlos Castillo 0001
Felix Cheung,Ben Kao
Felix Cheung,Chi-Yuen Ng
Felix Cheung,David Wai-Lok Cheung
Felix Naumann,Laura M. Haas
Felix Naumann,Nimrod Megiddo
Feng Liang,Joseph L. Hellerstein
Feng Liang,Sheng Ma
Filippo Furfaro,Sergio Greco
Fletcher Lu,Dale Schuurmans
Florian Beil,Martin Ester
Florian Waas,Ioana Manolescu
Florian Waas,Martin L. Kersten
Florian Waas,Michael J. Carey 0001
Florian Waas,Ralph Busse
Floriana Esposito,Michelangelo Ceci
Fosca Giannotti,Cristian Gozzi
Fosca Giannotti,Giuseppe Manco 0001
Foto N. Afrati,Chen Li 0001
Francesco Buccafurri,Domenico Rosaci
Francesco Buccafurri,Domenico Saccà
Francesco Buccafurri,Luigi Pontieri
Francine Chen 0001,Ioannis Tsochantaridis
Francis C. Chu,Johannes Gehrke
Francis C. Chu,Joseph Y. Halpern
Franck Thollard,Marc Sebban
Franck Thollard,Philippe Ézéquel
Frank Chiu,Wesley W. Chu
Frank Ramsak,Klaus Elhardt
Frank Ramsak,Robert Fenk
Frank Ramsak,Rudolf Bayer
Frank Ramsak,Steffen Rost
Frank Schön,Gerhard Weikum
Frank Schön,Uwe Deppisch
Frank Sommers,Esam Alwagait
Franky Lam,Nicole Lam
Franky Lam,Raymond K. Wong 0001
Frans Coenen,Paul H. Leng
Fred Damerau,Sholom M. Weiss
Fred Damerau,Tong Zhang 0001
Fredric C. Gey,Michael K. Buckland
Fredric C. Gey,Ray R. Larson
Friedrich Neubarth,Gerhard Widmer
Friedrich Neubarth,Hannes Pirker
Gabriel Pui Cheong Fung,Jeffrey Xu Yu
Gabriel Pui Cheong Fung,Wai Lam
Gabriella Kazai,Ian Ruthven
Gabriella Kazai,Stefan Quicker
Gal Elidan,Dale Schuurmans
Gal Elidan,Matan Ninio
Gal Elidan,Nir Friedman
Gang Luo 0001,Curt J. Ellmann
Gang Luo 0001,Jeffrey F. Naughton
Gang Luo 0001,Peter J. Haas
Gang Wei,Anatole Gershman
Gang Wei,Valery A. Petrushin
Gao Cong,Bing Liu 0001
Gao Cong,Ke Wang
Gao Cong,Lan Yi
Gareth J. F. Jones,Steven M. Gabb
Gary William Flake,Eric J. Glover
Gary William Flake,Steve Lawrence
Gautam Pant,Filippo Menczer
Geert Wets,Koen Vanhoof
Geoff Hulten,Pedro M. Domingos
Geoffrey Holmes 0001,Bernhard Pfahringer
Geoffrey Holmes 0001,Eibe Frank
Geoffrey Holmes 0001,Mark A. Hall
Geoffrey Holmes 0001,Richard Kirkby
Geoffrey I. Webb,Brian J. Garner
Geoffrey I. Webb,Janice R. Boughton
Geoffrey I. Webb,Robin N. Shaw
Geoffrey Nunberg,Francine Chen 0001
Georg Gottlob,Christoph Koch 0001
Georg Gottlob,Reinhard Pichler
George Kollios,Dimitrios Gunopulos
George Kollios,Nick Koudas
George Lepouras,Costas Vassilakis
George Lepouras,George R. S. Weir
George Mayritsakis,Athanasios K. Tsakalidis
Georges Gardarin,Anthony Tomasic
Georges Gardarin,Antoine Mensch
Gerhard Paass,Edda Leopold
Gerhard Paass,Jörg Kindermann
Gerhard Paass,Martha A. Larson
Gerhard Paass,Stefan Eickeler
Gerhard Weikum,Axel Mönkeberg
Gerhard Weikum,Christof Hasse
Gerhard Weikum,David B. Lomet
Gerhard Weikum,Peter Zabback
Gerhard Weikum,Roger S. Barga
Gerhard Weikum,Uwe Deppisch
Gerhard Weikum,Wolfgang Wonner
German Shegalov,David B. Lomet
German Shegalov,Gerhard Weikum
German Shegalov,Roger S. Barga
Gert R. G. Lanckriet,Laurent El Ghaoui
Gert R. G. Lanckriet,Michael I. Jordan
Gert R. G. Lanckriet,Nello Cristianini
Gert R. G. Lanckriet,Peter L. Bartlett
Gheorghe Tecuci,Antonio Lopez
Gheorghe Tecuci,Bogdan Stanescu
Gheorghe Tecuci,Cristina Boicu
Gheorghe Tecuci,Dorin Marcu
Gheorghe Tecuci,James Donlon
Gheorghe Tecuci,Jerry Comello
Gheorghe Tecuci,Marcel Barbulescu
Gheorghe Tecuci,Mihai Boicu
Gheorghe Tecuci,William Cleckner
Gill Bejerano,Naftali Tishby
Gill Bejerano,Shai Fine
Gilles Hubert,Josiane Mothe
Gina Danielle Venolia,Chauncey Parker
Gina Danielle Venolia,Keith Steury
Giovanna Guerrini,Luigi Tosetto
Giovanna Guerrini,Marco Mesiti
Giuseppe De Giacomo,Maurizio Lenzerini
Giuseppe De Giacomo,Moshe Y. Vardi
Giuseppe Sindoni,Stefano De Francisci
Glen Jeh,Jennifer Widom
Goce Trajcevski,Sam Chamberlain
Gordon I. McCalla,Julita Vassileva
Gordon V. Cormack,Egidio L. Terra
Gordon V. Cormack,Thomas R. Lynam
Graham Cormode,Nick Koudas
Graham Cormode,Piotr Indyk
Graham J. Williams,Rohan A. Baxter
Graham J. Williams,Simon Hawkins
Greg Barish,Craig A. Knoblock
Greg Barish,Jean Oh
Greg Barish,Maria Muslea
Greg Barish,Steven Minton
Greg Hamerly,Charles Elkan
Greg Ridgeway,David Madigan
Greg Seidman,Michael Stonebraker
Greg Seidman,Stanley B. Zdonik
Gregory Cobena,Amélie Marian
Gregory Cobena,Serge Abiteboul
Gregory F. Cooper,Michael M. Wagner
Gregory Karvounarakis,Dimitris Plexousakis
Gregory Karvounarakis,Michel Scholl
Gregory Karvounarakis,Sofia Alexaki
Guido Governatori,Arthur H. M. ter Hofstede
Guido Governatori,Nick Russell
Gultekin Özsoyoglu,Abdullah Al-Hamdani
Gultekin Özsoyoglu,Ismail Sengör Altingövde
Gultekin Özsoyoglu,Selma Ayse Özel
Gultekin Özsoyoglu,Özgür Ulusoy
Gunnar W. Klau,Joe Marks
Gunnar W. Klau,Michael Mitzenmacher
Gunnar W. Klau,Neal Lesh
Gunnar Wegner,Dieter Merkel
Gunnar Wegner,Johann Christoph Freytag
Gunnar Wegner,Peter Rieger
Gurmeet Singh Manku,Rajeev Motwani 0001
Guy Lebanon,John D. Lafferty
Guy M. Lohman,Sam Lightstone
Gísli R. Hjaltason,Moshe Shadmon
Hae Don Chon,Amr El Abbadi
Hai Fang,Jimmy Ho-Man Lee
Hai Fang,Peter J. Stuckey
Hai Lin,Goce Trajcevski
Haim Kaplan,Tova Milo
Hakan Hacigümüs,Chen Li 0001
Hakan Hacigümüs,Sharad Mehrotra
Hamid Pirahesh,Bruce G. Lindsay 0001
Hamid Pirahesh,Jeffrey F. Naughton
Hamid Pirahesh,Larry Brown
Hang Cui,Jian-Yun Nie
Hang Cui,Wei-Ying Ma
Hannes Pirker,Gerhard Widmer
Hans Chalupsky,Thomas A. Russ
Hao Huang,Richard Relue
Harris Papadopoulos,Alexander Gammerman
Harris Papadopoulos,Kostas Proedrou
Harris Papadopoulos,Vladimir Vovk
Harris Papadopoulos,Volodya Vovk
Hasan Davulcu,Arvind Seth
Hasan M. Jamil,Giovanni A. Modica
Hauke Tschach,John Shawe-Taylor
Hector Garcia-Molina,Erhard Rahm
Hei Chan,Adnan Darwiche
Heidi E. Dixon,Matthew L. Ginsberg
Heikki Keskustalo,Eija Airio
Heikki Keskustalo,Turid Hedlund
Heikki Mannila,Jouni K. Seppänen
Henk Ernst Blok,Martin L. Kersten
Henk Ernst Blok,Menzo Windhouwer
Henk Ernst Blok,Peter M. G. Apers
Henk Ernst Blok,Willem Jonker
Henrique Paques,Ling Liu 0001
Henry A. Kautz,Bart Selman
Henry A. Kautz,Carla P. Gomes
Henry A. Kautz,Eric Horvitz
Henry F. Korth,Pradeep Shenoy
Henry O. Nyongesa,Jawed I. A. Siddiqi
Herman L. Ferrá,Adam Kowalczyk
Hideo Joho,Mark Sanderson
Hideo Joho,Micheline Beaulieu
Hilda Hardy,Nobuyuki Shimizu
Hilda Hardy,Ting Liu 0003
Hiroki Arimura,Hiroshi Sakamoto
Hiroki Arimura,Kenji Abe
Hiroki Arimura,Shinji Kawasoe
Hiroshi G. Okuno,Hiroaki Kitano
Hiroshi Motoda,Lei Yu 0001
Hiroshi Motoda,Takashi Washio
Hirotaka Soma,Masaki Usui
Hirotaka Soma,Naohiro Matsumura
Hirotaka Soma,Yutaka Matsuo
Hisashi Kashima,Teruo Koyanagi
Holger Meuss,François Bry
Holger Meuss,Tim Furche
Hong Hai Do,Erhard Rahm
Hong Qi,Harris Wu
Hong Yao,Cory J. Butz
Hong Yao,Howard J. Hamilton
Howard J. Hamilton,Cory J. Butz
Hu Cao,Goce Trajcevski
Hu Cao,Hai Lin
Huan Liu 0001,Hiroshi Motoda
Huan Liu 0001,Lei Yu 0001
Hugh E. Williams,John Yiannis
Hugh E. Williams,Justin Zobel
Hugo Zaragoza,John Shawe-Taylor
Hugo Zaragoza,Ralf Herbrich
Ian Horrocks,Frank van Harmelen
Ian Horrocks,Peter F. Patel-Schneider
Ian Ruthven,Stefan Quicker
Igor Tatarinov,Chun Zhang
Igor Tatarinov,Eugene J. Shekita
Igor Tatarinov,Kevin S. Beyer
Ihab F. Ilyas,Ahmed K. Elmagarmid
Ihab F. Ilyas,Athena Vakali
Ihab F. Ilyas,Sunil Prabhakar
Ihab F. Ilyas,Walid G. Aref
Ihab F. Ilyas,Yi-Cheng Tu
Iko Pramudiono,Katsumi Takahashi
Iko Pramudiono,Masaru Kitsuregawa
Ilia Nouretdinov,Alexander Gammerman
Ilia Nouretdinov,Volodya Vovk
In-Young Ko,Robert Neches
Inderjit S. Dhillon,Jacob Kogan
Inderjit S. Dhillon,Rahul Kumar
Ingo Schmitt,Gunter Saake
Ingo Schmitt,Nadine Schulz
Ingolf Geist,Andreas Stephanik
Ingolf Geist,Roland Jesse
Inna Kolyshkina,Richard Brookes
Innes Ritchie,Jawed I. A. Siddiqi
Innes Ritchie,Khalid Hafeez
Ioana Manolescu,Ralph Busse
Ioana Manolescu,Roger Weber
Ioana Manolescu,Tova Milo
Ioannis P. Vlahavas,Ahmed K. Elmagarmid
Ioannis P. Vlahavas,Mikhail J. Atallah
Ioannis P. Vlahavas,Walid G. Aref
Ioannis Tsochantaridis,Thomas Hofmann
Ion Muslea,Craig A. Knoblock
Ion Muslea,Steven Minton
Iosif Lazaridis,Sharad Mehrotra
Irina Rish,Mark Brodie
Irina Rish,Sheng Ma
Irini Fundulaki,Anne-Marie Vercoustre
Irini Fundulaki,Bernd Amann
Irini Fundulaki,Catriel Beeri
Irini Fundulaki,Michel Scholl
Ishai Menache,Nahum Shimkin
Ismail Sengör Altingövde,Selma Ayse Özel
Ismail Sengör Altingövde,Özgür Ulusoy
Ivan Popivanov,Renée J. Miller
Ivo Düntsch,Günther Gediga
Jack G. Conrad,Joanne S. Claussen
Jack G. Conrad,Peter Jackson
Jack G. Conrad,Xi S. Guo
Jacques Ales Bianchetti,Céline Rouveirol
Jacques Ales Bianchetti,Michèle Sebag
Jafar Adibi,Wei-Min Shen
Jaime G. Carbonell,Chun Jin
Jameel Syed,Patrick Wendel
James Allan,Hema Raghavan
James Bailey 0001,Alexandra Poulovassilis
James Bailey 0001,Peter T. Wood
James Bailey 0001,Thomas Manoukian
James Donlon,William Cleckner
James E. Pearce,Brian J. Garner
James E. Pearce,Geoffrey I. Webb
James E. Pearce,Robin N. Shaw
James G. Shanahan,Victor Sheftel
James H. Kaufman,Calvin Powers
James H. Kaufman,Daniel Alexander Ford
James H. Kaufman,Stefan Edlund
James L. Carroll,Todd Peterson
James Mayfield,Paul McNamee
James P. Callan,Paul Ogilvie
James P. Callan,Teruko Mitamura
James P. Callan,Thomas P. Minka
James Theiler,Stanley C. Ahalt
James W. Cooper,Anni Coden
James W. Cooper,Eric W. Brown 0001
Jan Van den Bussche,Hendrik Blockeel
Jan Van den Bussche,Maurice Bruynooghe
Jani Mäntyjärvi,Johan Himberg
Janne Sinkkonen,Janne Nikkilä
Janne Sinkkonen,Samuel Kaski
Janne Skyt,Christian S. Jensen
Janne Skyt,Torben Bach Pedersen
Jason Fama,David Andre
Jason Fama,Ofer Matan
Jason Flannick,Johannes Gehrke
Jason Flannick,Tomi Yiu
Jason Tsong-Li Wang,Hannu Toivonen
Jason Tsong-Li Wang,Rosalba Giugno
Jason Weston,Christina S. Leslie
Jason Weston,William Stafford Noble
Javier Nicolás Sánchez,Evan Tang Williamson
Jawed I. A. Siddiqi,James Stevenson
Jawed I. A. Siddiqi,Khalid Hafeez
Jay Ayres,Jason Flannick
Jay Ayres,Johannes Gehrke
Jay Ayres,Tomi Yiu
Jay Budzik,Kristian J. Hammond
Jay Budzik,Shannon Bradshaw
Jean Oh,Steven Minton
Jeffrey F. Naughton,Curt J. Ellmann
Jeffrey F. Naughton,Henry F. Korth
Jeffrey F. Naughton,Pradeep Shenoy
Jeffrey Mark Siskind,Robert Givan
Jeffrey Scott Vitter,Ronald Parr
Jeffrey Xu Yu,Wai Lam
Jens Lechtenbörger,Gottfried Vossen
Jeremy Kubica,Andrew W. Moore 0001
Jeremy Kubica,Jeff G. Schneider
Jeremy Pickens,Tim Crawford
Jerry Comello,Antonio Lopez
Jerry Comello,James Donlon
Jerry Comello,William Cleckner
Jerzy Tyszkiewicz,Jan Van den Bussche
Jesse Anton,Jordan Parker
Jesse Anton,Lawrence Jacobs
Jesse Anton,Tie Zhong
Jesse Anton,Xiang Liu
Jesse Anton,Zheng Zeng
Jessica Lin 0001,Stefano Lonardi
Jessica M. Phan,Man Saint Yuen
Jessica M. Phan,Raymond T. Ng
Jessica M. Phan,Steve Jones
Jesus A. Gonzalez,Diane J. Cook
Jesus A. Gonzalez,Lawrence B. Holder
Jesús Vegas,Fabio Crestani
Jesús Vegas,Pablo de la Fuente
Jia-Yu Pan,Christos Faloutsos
Jian Pei,Ke Wang 0001
Jian Pei,Wei Wang 0009
Jian Pei,Wei Zou
Jian Tang 0001,Ada Wai-Chee Fu
Jian Tang 0001,David Wai-Lok Cheung
Jian Zhang 0003,Chun Jin
Jian Zhang 0003,Jaime G. Carbonell
Jian-Yun Nie,Wei-Ying Ma
Jie Lu 0002,James P. Callan
Jim Gray 0001,Ani Thakar
Jim Gray 0001,Christopher Stoughton
Jim Gray 0001,Jan vandenBerg
Jim Gray 0001,Peter Z. Kunszt
Jimmy Ho-Man Lee,Peter J. Stuckey
Jimmy J. Lin,Andrew Y. Ng
Jing Yang 0001,Punit R. Doshi
Jiong Yang,Philip S. Yu
Jiong Yang,Richard R. Muntz
Jiong Yang,Wei Wang 0010
Joanne Silverstein,Stuart A. Sutton
Jochen Hipp,Christoph Mangold
Jochen Hipp,Ulrich Güntzer
Joe Marks,Michael Mitzenmacher
Joel L. Wolf,Jay Sethuraman
Joel L. Wolf,Mark S. Squillante
Joel L. Wolf,Philip S. Yu
Joelle Pineau,Nicholas Roy
Joelle Pineau,Sebastian Thrun
Johannes Gehrke,Daniel Kifer
Johannes Gehrke,Philippe Bonnet
Johannes Gehrke,Rajeev Rastogi
Johannes Gehrke,Reba Schuller
Johannes Gehrke,Tomi Yiu
Johannes Gehrke,Walker M. White
John A. Flanagan,Jani Mäntyjärvi
John A. Flanagan,Johan Himberg
John Collins,Maria L. Gini
John Grant,Donald Perlis
John Grant,Sarit Kraus
John Keenleyside,Kelly A. Lyons
John Langford 0001,Martin Zinkevich
John Langford 0001,Sham M. Kakade
John W. Lawson,David H. Wolpert
John Yiannis,Justin Zobel
Jon McAlister,Jennifer Widom
Jonathan R. M. Hosking,Ramesh Natarajan
Jonathan Schaeffer,Duane Szafron
Jonathan Wilkenfeld,Tara E. Santmire
Joost N. Kok,Amar Gupta
Jordan Parker,Tie Zhong
Jordan Parker,Zheng Zeng
Joseph A. Konstan,John Riedl
Joseph Bockhorst,Mark Craven
Joseph Desmarais,Peter Bates
Joseph Dunn,Anne Descour
Joseph Dunn,Richard T. Snodgrass
Joseph Dunn,Sean Davey
Joseph M. Hellerstein,Jennifer Widom
Joseph Y. Halpern,Johannes Gehrke
Joshua Goodman 0001,Chauncey Parker
Joshua Goodman 0001,Gina Danielle Venolia
Joshua Goodman 0001,Keith Steury
José Luis Ambite,Craig A. Knoblock
José Luis Ambite,Greg Barish
José Luis Ambite,Jean Oh
José Luis Ambite,Maria Muslea
José Luis Ambite,Steven Minton
Juan M. Fernández-Luna,Juan F. Huete
Juan Raposo,Anastasio Molano
Juan Raposo,Justo Hidalgo
Juan Raposo,Lucía Ardao
Juan Raposo,Manuel Álvarez
Juan Raposo,Paula Montoto
Juan Raposo,Vicente Orjales
Juan Raposo,Ángel Viña
Judy Kay,Eric McCreath
Jukka Honkela,Ville H. Tuulos
Jukka Kuusisto,Krista Lagus
Juliana Freire,Jérôme Siméon
Juliana Freire,Maya Ramanath
Juliano Palmieri Lage,Edward A. Fox
Juliano Palmieri Lage,Marcos André Gonçalves
Juliano Palmieri Lage,Monique V. Vieira
Juliano Palmieri Lage,Pablo A. Roberto
Julie A. Stilson,William H. Hsu
Jun Gao 0003,Jian Pei
Jun Rao,Chun Zhang
Jun Rao,Guy M. Lohman
Jun Rao,Nimrod Megiddo
Jun Sese,Shinichi Morishita
Jun Wang,Bei Yu
Jun Wang,Les Gasser
Jun Yang 0003,Qing Li 0001
Jussi Karlgren,Mark Sanderson
Jussi Karlgren,Micheline Beaulieu
Justo Hidalgo,Anastasio Molano
Justo Hidalgo,Lucía Ardao
Justo Hidalgo,Ángel Viña
Jérôme Thoméré,Andres C. Rodriguez
Jérôme Thoméré,Bruce W. Porter
Jérôme Thoméré,Ken Barker 0002
Jérôme Thoméré,Michael Eriksen
Jérôme Thoméré,Peter Clark
Jérôme Thoméré,Sunil Mishra
Jérôme Thoméré,Vinay K. Chaudhri
Jörg A. Walter,Helge J. Ritter
Jörg Kindermann,Stefan Eickeler
Kai Yu 0001,Anton Schwaighofer
Kai Yu 0001,Martin Ester
Kai Yu 0001,Volker Tresp
Kaidi Zhao,Lan Yi
Kaj Grønbæk,Jock D. Mackinlay
Kalev Kask,Eyal Bin
Kalev Kask,Roy Emek
Kareem Darwish,Douglas W. Oard
Karen Brannon,Mahadevan Subramanian
Kari Vasko,Hannu Toivonen
Karl Aberer,Manfred Hauswirth
Karl Tuyls,Bernard Manderick
Karl Tuyls,Sam Maes
Karsten Winkler,Myra Spiliopoulou
Katerina Perdikuri,Athanasios K. Tsakalidis
Katerina Perdikuri,George Mayritsakis
Katerina Perdikuri,Penelope Markellou
Katerina Perdikuri,Spiros Sirmakessis
Katharina Morik,Stefan Rüping 0001
Kathy Panton,David Baxter
Kathy Panton,Nancy Salay
Kathy Panton,Pierluigi Miraglia
Kathy Panton,Robert C. Kahlert
Kathy Panton,Roland Reagan
Katja Tham,Axel Kilian
Katja Tham,Dieter Merkel
Katja Tham,Gunnar Wegner
Katja Tham,Johann Christoph Freytag
Katja Tham,Peter Rieger
Katsumi Takahashi,Iko Pramudiono
Katsumi Takahashi,Masaru Kitsuregawa
Kaushik Chakrabarti,Sharad Mehrotra
Kazuhiro Nakadai,Hiroaki Kitano
Kazuhiro Nakadai,Hiroshi G. Okuno
Kazuko Kuriyama,Noriko Kando
Kazuya Yamada,Takayoshi Shoudai
Kazuya Yamada,Tetsuhiro Miyahara
Kazuya Yamada,Yasuaki Nakamura
Kazuyoshi Furukawa,Kazuya Yamada
Kazuyoshi Furukawa,Takayoshi Shoudai
Kazuyoshi Furukawa,Tetsuhiro Miyahara
Kazuyoshi Furukawa,Tomoyuki Uchida
Kazuyoshi Furukawa,Yasuaki Nakamura
Ke Wang,Liu Tang
Keiichiro Hoashi,Erik Zeitler
Keiichiro Hoashi,Naomi Inoue
Keishi Tajima,Wang Chiew Tan
Keith Steury,Chauncey Parker
Keizo Oyama,Emi Ishida
Keizo Oyama,Kazuko Kuriyama
Keizo Oyama,Noriko Kando
Ken Barker 0002,Andres C. Rodriguez
Ken Barker 0002,Bruce W. Porter
Ken Barker 0002,Michael Eriksen
Ken Barker 0002,Peter Clark
Ken Barker 0002,Sunil Mishra
Ken Barker 0002,Vinay K. Chaudhri
Kenichi Takahashi,Hiroaki Ueda
Kenji Abe,Hiroki Arimura
Kenji Abe,Hiroshi Sakamoto
Kenji Abe,Shinji Kawasoe
Kenji Abe,Tatsuya Asai
Kenji Tateishi,Toshikazu Fukushima
Kenji Yamanishi,Kenji Tateishi
Kenji Yamanishi,Toshikazu Fukushima
Kenneth D. Forbus,Ronald W. Ferguson
Kenneth D. Forbus,Thomas Mostek
Kevin C. Almeroth,Markus Hofmann
Kevin Leyton-Brown,Moshe Tennenholtz
Kevin Leyton-Brown,Yoav Shoham
Kevin O'Gorman,Amr El Abbadi
Kevin S. Beyer,Chun Zhang
Kevin S. Beyer,Eugene J. Shekita
Khaled M. Hammouda,Mohamed S. Kamel
Khalid Hafeez,James Stevenson
Khalil Amiri,Renu Tewari
Ki Chan,Wai Lam
Kian Ming Adam Chai,Hai Leong Chieu
Kien A. Hua,Simon Sheu
Kim Marriott,Bernd Meyer 0001
Kim Marriott,Laurent Tardif
Kjell P. Konis,Ruben H. Zamar
Klaudia Hergula,Theo Härder
Klaus Elhardt,Rudolf Bayer
Klaus Julisch,Marc Dacier
Klemens Böhm,Heiko Schuldt
Koby Crammer,Yoram Singer
Koji Eguchi,Emi Ishida
Koji Eguchi,Kazuko Kuriyama
Koji Eguchi,Keizo Oyama
Koji Eguchi,Noriko Kando
Konrad Stocker,Alfons Kemper
Konstantinos Markellos,Athanasios K. Tsakalidis
Konstantinos Markellos,George Mayritsakis
Konstantinos Markellos,Katerina Perdikuri
Konstantinos Markellos,Penelope Markellou
Konstantinos Markellos,Spiros Sirmakessis
Kostas Proedrou,Alexander Gammerman
Kostas Proedrou,Ilia Nouretdinov
Kostas Proedrou,Volodya Vovk
Kostas Tsioutsiouliklis,David M. Pennock
Kostas Tsioutsiouliklis,Gary William Flake
Kostas Tsioutsiouliklis,Steve Lawrence
Kris Popat,Francine Chen 0001
Kristie Chevrier,Avi Finkel
Kristie Chevrier,Chip Whitmer
Kristie Chevrier,Natalie S. Glance
Kristie Chevrier,Robert Stockton
Kristie Chevrier,Tom Pierce
Kristin P. Bennett,Ayhan Demiriz
Kristin P. Bennett,Mark J. Embrechts
Kristin P. Bennett,Richard Maclin
Lachlan Aldred,Arthur H. M. ter Hofstede
Lachlan Aldred,Guido Governatori
Lachlan Aldred,Nick Russell
Lan Yi,Bing Liu 0001
Lan Yi,Ke Wang
Larry Ground,John Langston
Larry Ground,Ray Budd
Lars Asker,Henrik Boström
Lars Schneider,Andreas Heuer 0001
Laura Firoiu,Paul R. Cohen
Laura M. Haas,Eileen Tien Lin
Laura M. Haas,Nimrod Megiddo
Laurence Anthony F. Park,Marimuthu Palaniswami
Laurent Daynès,Grzegorz Czajkowski
Laurent El Ghaoui,Michael I. Jordan
Laurentiu Cristofor,Dan A. Simovici
Lawrence B. Holder,Diane J. Cook
Lawrence Jacobs,Jordan Parker
Lawrence Jacobs,Tie Zhong
Lawrence Jacobs,Xiang Liu
Lawrence Jacobs,Zheng Zeng
Leah S. Larkey,Lisa Ballesteros
Leah S. Larkey,Margaret E. Connell
Leigh J. Fitzgibbon,David L. Dowe
Leigh J. Fitzgibbon,Lloyd Allison
Leila Kalantari,Eugenia Ternovska
Leonard D. Shapiro,Bernhard Mitschang
Leonard D. Shapiro,Quan Wang
Leonardo Tininini,Giuseppe Sindoni
Leonardo Tininini,Mario Paolucci
Leonardo Tininini,Stefano De Francisci
Leonid Peshkin,Christian R. Shelton
Leonidas Fegaras,David Levine
Letizia Tanca,Giuseppe Viviani
Lev Finkelstein,Ehud Rivlin
Lev Finkelstein,Shaul Markovitch
Li Chen 0016,Elke A. Rundensteiner
Li Chen 0016,Song Wang 0001
Li Liao,Jason Tsong-Li Wang
Li Zhang 0008,Chun Tang
Li Zhang 0008,Yong Shi
Liang Huai Yang,Wynne Hsu
Liang Huai Yang,Xia Yang
Lin Qiao,Amr El Abbadi
Lionel Villard,Nabil Layaïda
Lisa Ballesteros,Margaret E. Connell
Liu Wenyin,Feng Zhang
Lourdes Peña Castillo,Stefan Wrobel
Luc Bouganim,Philippe Pucheral
Luc De Raedt,Heikki Mannila
Luc De Raedt,Manfred Jaeger
Luc De Raedt,Sau Dan Lee
Luc Segoufin,Victor Vianu
Lucian Popa 0001,Felix Naumann
Lucian Popa 0001,Mauricio A. Hernández
Lucian Popa 0001,Renée J. Miller
Lucian Popa 0001,Ronald Fagin
Lucian Popa 0001,Yannis Velegrakis
Lucía Ardao,Anastasio Molano
Lucía Ardao,Ángel Viña
Luigi Laura,Guido Caldarelli
Luigi Laura,Stefano Leonardi
Luigi Pontieri,Domenico Saccà
Luis Gravano,Amélie Marian
Luis M. de Campos,Juan F. Huete
Luis M. de Campos,Juan M. Fernández-Luna
Luo Si,Alexander G. Hauptmann
Luo Si,James P. Callan
Luo Si,Paul Ogilvie
Luo Si,Rong Jin
Lyle H. Ungar,David M. Pennock
Lyndon Drake,Alan M. Frisch
Lynne Vettel,Raj Bhatnagar
Mahesh Jagannath,Richard Jiang
Mahesh V. Joshi,Ramesh C. Agarwal
Malcolm J. A. Strens,Mark Bernhardt
Malcolm J. A. Strens,Nicholas Everett
Man Saint Yuen,Steve Jones
Manfred Jaeger,Heikki Mannila
Manfred Jaeger,Sau Dan Lee
Manoranjan Dash,Huan Liu 0001
Manoranjan Dash,Peter Scheuermann
Manuel Álvarez,Anastasio Molano
Manuel Álvarez,Justo Hidalgo
Manuel Álvarez,Lucía Ardao
Manuel Álvarez,Paula Montoto
Manuel Álvarez,Vicente Orjales
Manuel Álvarez,Ángel Viña
Marc J. van Kreveld,Robert Weibel
Marc Pickett,Andrew G. Barto
Marc Sebban,Philippe Ézéquel
Marc Spielmann,Jan Van den Bussche
Marc Spielmann,Jerzy Tyszkiewicz
Marcelo Arenas,Leonid Libkin
Marco Cadoli,Toni Mancini
Marco Gori,Marco Maggini
Marco Gori,Veljko M. Milutinovic
Marco La Cascia,Daniele Peri
Marco La Cascia,Roberto Pirrone
Marco La Cascia,Umberto Maniscalco
Marco Mesiti,Luigi Tosetto
Marco Pistore,Paolo Traverso
Marcos André Gonçalves,Edward A. Fox
Marcus Fontoura,Mihail F. Ionescu
Maria Halkidi,Michalis Vazirgiannis
Maria Muslea,Jean Oh
Maria Muslea,Steven Minton
Mariana Ciucu,James C. Tilton
Mariana Ciucu,Mihai Datcu
Mariana Ciucu,Patrick Héas
Mariano Cilia,Alejandro P. Buchmann
Marie Rochery,Mazin G. Rahim
Mario A. Nascimento,Alexandre X. Falcão
Mario Cannataro,Alfredo Cuzzocrea
Mario Cannataro,Andrea Pugliese 0001
Mario Cannataro,Carlo Mastroianni
Mario Cannataro,Riccardo Ortale
Mario Paolucci,Giuseppe Sindoni
Mario Paolucci,Stefano De Francisci
Marios Hadjieleftheriou,Dimitrios Gunopulos
Marios Hadjieleftheriou,George Kollios
Mark Bernhardt,Nicholas Everett
Mark Brodie,Sheng Ma
Mark H. Montague,Javed A. Aslam
Mark Levene,Peter T. Wood
Mark S. Squillante,Jay Sethuraman
Mark S. Squillante,Philip S. Yu
Mark Sanderson,Marc J. van Kreveld
Mark Sanderson,Micheline Beaulieu
Mark Sanderson,Monika Sester
Mark Sanderson,Robert Weibel
Markus Junker 0002,Andreas Dengel 0001
Markus Keidl,Alexander Kreutz
Markus Keidl,Alfons Kemper
Markus Keidl,Donald Kossmann
Markus Keidl,Konrad Stocker
Markus Keidl,Stefan Seltzsam
Marlon Dumas,Arthur H. M. ter Hofstede
Marlon Dumas,Eileen Oi-Yan Mak
Marlon Dumas,Guido Governatori
Marlon Dumas,Lachlan Aldred
Marlon Dumas,Nick Russell
Martha A. Larson,Jörg Kindermann
Martha A. Larson,Stefan Eickeler
Martin Ester,Matthias Schubert
Martin Kempa,Volker Linnemann
Martin Köhler,Anthony Rowe
Martin Köhler,Jameel Syed
Martin Köhler,Patrick Wendel
Martin L. Kersten,Ioana Manolescu
Martin L. Kersten,Michael J. Carey 0001
Martin L. Kersten,Ralph Busse
Martin Theobald,Gerhard Weikum
Martin Zinkevich,Sham M. Kakade
Martín Abadi,Neal Glew
Mary F. Fernández,Rick Greer
Marzena Kryszkiewicz,Marcin Gajek
Masahiro Motoyoshi,Kohei Watanabe
Masahiro Motoyoshi,Takao Miura
Masakazu Seno,George Karypis
Masato Oguchi,Masaru Kitsuregawa
Masatoshi Yoshikawa,Shunsuke Uemura
Masayuki Numao,Keisuke Nakamura
Masayuki Numao,Shoichi Takagi
Massimo Narizzano,Armando Tacchella
Matan Ninio,Dale Schuurmans
Matan Ninio,Nir Friedman
Matthew Hurst,Lee S. Jensen
Matthew McNaughton,Duane Szafron
Matthew McNaughton,Jonathan Schaeffer
Matthew McNaughton,Paul Lu
Matthew O. Ward,Jing Yang 0001
Matthew O. Ward,Punit R. Doshi
Matthew Richardson,Pedro M. Domingos
Matthew V. Mahoney 0001,Philip K. Chan
Matthias Palmér,Tore Risch
Maurice Bruynooghe,Hendrik Blockeel
Mauricio A. Hernández,Felix Naumann
Mauricio A. Hernández,Lucian Popa 0001
Mauricio A. Hernández,Renée J. Miller
Mauricio A. Hernández,Ronald Fagin
Mauricio A. Hernández,Yannis Velegrakis
Maurizio Lenzerini,Moshe Y. Vardi
Maya Ramanath,Jérôme Siméon
Mehmet A. Orgun,Graham J. Williams
Mehmet Altinel,Bruce G. Lindsay 0001
Mehmet Altinel,Hamid Pirahesh
Mehmet Altinel,Larry Brown
Mehmet Altinel,Qiong Luo 0001
Mehmet Sayal,Fabio Casati
Mehrdad Naderi,Innes Ritchie
Mehrdad Naderi,Jawed I. A. Siddiqi
Mehrdad Naderi,Khalid Hafeez
Meike Klettke,Andreas Heuer 0001
Meike Klettke,Lars Schneider
Meikel Pöss,Bryan Smith
Meikel Pöss,Lubor Kollár
Melanie Gnasa,Karin Harbusch
Menzo Windhouwer,Martin L. Kersten
Michael Beetz,Robert Hanek
Michael Beetz,Sebastian Buck 0001
Michael Benedikt,Chee Yong Chan
Michael Benedikt,Rajeev Rastogi
Michael Chisholm,Prasad Tadepalli
Michael Eriksen,Andres C. Rodriguez
Michael Eriksen,Bruce W. Porter
Michael Eriksen,Sunil Mishra
Michael Gertz 0001,Neel Sundaresan
Michael Gillmann,Gerhard Weikum
Michael Gillmann,Wolfgang Wonner
Michael Goebel,Mike Barley
Michael Goebel,Patricia J. Riddle
Michael H. Böhlen,Theodore Johnson
Michael Herscovici,Aya Soffer
Michael Herscovici,Yael Petruschka
Michael J. Carey 0001,Ioana Manolescu
Michael J. Carey 0001,Ralph Busse
Michael J. Franklin,Gísli R. Hjaltason
Michael J. Franklin,Moshe Shadmon
Michael J. Franklin,Raymond To
Michael J. Kearns,Charles Lee Isbell Jr.
Michael J. Kearns,Diane J. Litman
Michael J. Kearns,Jessica Howe
Michael J. Kearns,Satinder P. Singh
Michael J. Maher,Rodney W. Topor
Michael Jones,Pankaj K. Agarwal
Michael K. Buckland,Ray R. Larson
Michael K. Ng,Joshua Zhexue Huang
Michael Kifer,Ismail Hakki Toroslu
Michael L. Littman,János A. Csirik
Michael M. Yin,Jason Tsong-Li Wang
Michael McGeachie,Jon Doyle
Michael Montemerlo,Ben Wegbreit
Michael Montemerlo,Daphne Koller
Michael Montemerlo,Joelle Pineau
Michael Montemerlo,Nicholas Roy
Michael Montemerlo,Sebastian Thrun
Michael O. Akinde,Michael H. Böhlen
Michael O. Akinde,Theodore Johnson
Michael Ortega-Binderberger,Kaushik Chakrabarti
Michael Ortega-Binderberger,Sharad Mehrotra
Michael P. Wellman,Amy Greenwald
Michael P. Wellman,Peter R. Wurman
Michael P. Wellman,Peter Stone
Michael Pekala,David Alger
Michael Pekala,Shon Vick
Michael R. Berthold,Bernd Wiswedel
Michael R. Berthold,David E. Patterson
Michael Rabinovich,Fred Douglis
Michael Rabinovich,Zhen Xiao
Michael Sintek,Matthias Palmér
Michael Sintek,Mikael Nilsson
Michael Sintek,Tore Risch
Michael Stonebraker,Stanley B. Zdonik
Michail G. Lagoudakis,Ronald Parr
Michail Vlachos,Carlotta Domeniconi
Michail Vlachos,Dimitrios Gunopulos
Michail Vlachos,George Kollios
Michail Vlachos,Nick Koudas
Michalis Petropoulos,Vasilis Vassalos
Michel Scholl,Anne-Marie Vercoustre
Michelangelo Diligenti,Marco Gori
Michelangelo Diligenti,Marco Maggini
Michelangelo Diligenti,Veljko M. Milutinovic
Michele Banko,Andrew Y. Ng
Michele Banko,Eric Brill
Michele Banko,Jimmy J. Lin
Micheline Beaulieu,Mark Sanderson
Michihiro Kuramochi,George Karypis
Mihai Boicu,Antonio Lopez
Mihai Boicu,Bogdan Stanescu
Mihai Boicu,Cristina Boicu
Mihai Boicu,Dorin Marcu
Mihai Boicu,Gheorghe Tecuci
Mihai Boicu,James Donlon
Mihai Boicu,Jerry Comello
Mihai Boicu,Marcel Barbulescu
Mihai Boicu,William Cleckner
Mihai Datcu,James C. Tilton
Mihai Datcu,Klaus Seidel
Mikael Nilsson,Matthias Palmér
Mikael Nilsson,Tore Risch
Mikhail J. Atallah,Ahmed K. Elmagarmid
Miki Nakagawa,Myra Spiliopoulou
Milan Petkovic,Henk Ernst Blok
Milan Petkovic,Martin L. Kersten
Milan Petkovic,Menzo Windhouwer
Milan Petkovic,Peter M. G. Apers
Milan Petkovic,Roelof van Zwol
Milan Petkovic,Willem Jonker
Min Wang 0001,Jeffrey Scott Vitter
Min Wang 0001,Ronald Parr
Ming Zhou,Jian-Yun Nie
Mirco Nanni,Dino Pedreschi
Mitch Cherniack,Christian Convey
Mitch Cherniack,Greg Seidman
Mitch Cherniack,Michael Stonebraker
Mitch Cherniack,Stanley B. Zdonik
Mohamed A. Sharaf,Panos K. Chrysanthis
Mohamed G. Elfeky,Ahmed K. Elmagarmid
Mohamed G. Elfeky,Vassilios S. Verykios
Mohammed Abdel Razek,Claude Frasson
Mohammed Abdel Razek,Marc Kaltenbach
Mohammed Aljlayl,Ophir Frieder
Mohammed Javeed Zaki,Hannu Toivonen
Mohammed Javeed Zaki,Jason Tsong-Li Wang
Monica M. C. Schraefel,Daniel Wigdor
Monica M. C. Schraefel,David Modjeska
Monika Sester,Marc J. van Kreveld
Monika Sester,Robert Weibel
Monique V. Vieira,Edward A. Fox
Monique V. Vieira,Marcos André Gonçalves
Mounia Lalmas,Gabriella Kazai
Mounia Lalmas,Ian Ruthven
Mounia Lalmas,Stefan Quicker
Moustafa A. Hammad,Athena Vakali
Moustafa A. Hammad,Ihab F. Ilyas
Moustafa A. Hammad,Sunil Prabhakar
Moustafa A. Hammad,Yi-Cheng Tu
Moustafa Ghanem,Anthony Rowe
Moustafa Ghanem,Jameel Syed
Moustafa Ghanem,Martin Köhler
Moustafa Ghanem,Patrick Wendel
Mukesh Mulchandani,Brian Murphy
Mukesh Mulchandani,Elke A. Rundensteiner
Mukesh Mulchandani,Steffen Christ
Mukul Joshi,David M. Pennock
Márcio de Carvalho,Bruno Pôssas
Márcio de Carvalho,Mohammed Javeed Zaki
Nada Lavrac,Branko Kavsek
Nada Lavrac,Peter A. Flach
Nadine Schulz,Gunter Saake
Nancy J. McCracken,Joanne Silverstein
Nancy J. McCracken,Stuart A. Sutton
Nancy Salay,David Baxter
Nancy Salay,Robert C. Kahlert
Nancy Salay,Roland Reagan
Naohiro Matsumura,Masaki Usui
Naoki Abe,Bianca Zadrozny
Naoki Abe,Edwin P. D. Pednault
Naoki Abe,Wei Fan 0001
Natalia Vanetik,Ehud Gudes
Natalia Vanetik,Solomon Eyal Shimony
Natalie S. Glance,Chip Whitmer
Natalie S. Glance,Robert Stockton
Natalie S. Glance,Tom Pierce
Natalya Fridman Noy,Mark A. Musen
Neal Lesh,Joe Marks
Neal Lesh,Michael Mitzenmacher
Neal Sample,Brian F. Cooper
Neal Sample,Gísli R. Hjaltason
Neal Sample,Michael J. Franklin
Neal Sample,Moshe Shadmon
Necati Ercan Ozgencil,Anne Diekema
Necati Ercan Ozgencil,Joanne Silverstein
Necati Ercan Ozgencil,Nancy J. McCracken
Necati Ercan Ozgencil,Stuart A. Sutton
Neeraj R. Joshi,Ashish Sureka
Neeraj R. Joshi,Peter R. Wurman
Nello Cristianini,Laurent El Ghaoui
Nello Cristianini,Michael I. Jordan
Nello Cristianini,Peter L. Bartlett
Niall Rooney,Mykola Galushka
Nicholas J. Belkin,Ja-Young Kim
Nicholas J. Belkin,Vanessa Murdock 0001
Nicholas Kushmerick,Barry Smyth
Nicholas Roy,Sebastian Thrun
Nick Cercone,Gary Promhouse
Nick Cercone,Stephen E. Robertson
Nick Koudas,Ting Yu
Nick Roussopoulos,Yannis Kotidis
Nico Lavarini,Barbara Oliboni
Nico Lavarini,Daniele Pasini
Nico Lavarini,Giuseppe Viviani
Nico Lavarini,Letizia Tanca
Nico Lavarini,Stefania Marrara
Nicolas Bruno,Amélie Marian
Nicolas Bruno,Luis Gravano
Nicolas Bruno,Nick Koudas
Nicole Lam,Raymond K. Wong 0001
Niels Nes,Martin L. Kersten
Niels Olof Bouvin,Jock D. Mackinlay
Niels Olof Bouvin,Kaj Grønbæk
Nikos Karayannidis,Aris Tsois
Nikos Karayannidis,Frank Ramsak
Nikos Karayannidis,Klaus Elhardt
Nikos Karayannidis,Robert Fenk
Nikos Karayannidis,Roland Pieringer
Nikos Karayannidis,Rudolf Bayer
Nikos Karayannidis,Volker Markl
Nikos Mamoulis,Martin L. Kersten
Nikos Mamoulis,Niels Nes
Nimrod Megiddo,Guy M. Lohman
Ning Jiang,Kien A. Hua
Ning Jiang,Simon Sheu
Nir Friedman,Dale Schuurmans
Nir Friedman,Naftali Tishby
Nir Friedman,Yoram Singer
Noam Slonim,Gill Bejerano
Noam Slonim,Naftali Tishby
Noam Slonim,Nir Friedman
Noam Slonim,Shai Fine
Nobuyuki Shimizu,Ting Liu 0003
Norbert Fuhr,Kai Großjohann
Norbert Fuhr,Norbert Gövert
Norbert Gövert,Kai Großjohann
Nuria Oliver,Ashutosh Garg
Oliver Dunemann,Andreas Stephanik
Oliver Dunemann,Ingolf Geist
Oliver Dunemann,Roland Jesse
Omar Benjelloun,Ioana Manolescu
Omar Benjelloun,Roger Weber
Omar Benjelloun,Tova Milo
Pablo A. Roberto,Edward A. Fox
Pablo A. Roberto,Marcos André Gonçalves
Pablo A. Roberto,Monique V. Vieira
Pablo de la Fuente,Fabio Crestani
Pablo de la Fuente,Jesús Vegas
Panagiotis G. Ipeirotis,Luis Gravano
Pankaj Kankar,Manish P. Kurhekar
Pankaj Kankar,Sudeshna Adak
Panos Kalnis,Dimitris Papadias
Panos Kalnis,Jun Zhang 0005
Paolo Palmerini,Fabrizio Silvestri
Paolo Palmerini,Raffaele Perego 0001
Parry Husbands,Horst D. Simon
Pascal Felber,Rajeev Rastogi
Pascal Poupart,Carlos Guestrin
Pascal Poupart,Craig Boutilier
Pascal Poupart,Dale Schuurmans
Pat Langley,Javier Nicolás Sánchez
Patrice Perny,Olivier Spanjaard
Patricia J. Riddle,Mike Barley
Patrick Héas,James C. Tilton
Patrick Héas,Mihai Datcu
Paul Lu,Duane Szafron
Paul Lu,Jonathan Schaeffer
Paul McNamee,James Mayfield
Paul N. Bennett,Eric Horvitz
Paul N. Bennett,Susan T. Dumais
Paul R. Cohen,Brent Heeringa
Paul R. Cohen,Carole R. Beal
Paul R. Cohen,Niall M. Adams
Paul R. Cohen,Tim Oates
Paula Montoto,Anastasio Molano
Paula Montoto,Justo Hidalgo
Paula Montoto,Lucía Ardao
Paula Montoto,Vicente Orjales
Paula Montoto,Ángel Viña
Pavel Berkhin,Jonathan D. Becher
Pedro M. Domingos,Alon Y. Halevy
Pedro M. Domingos,Daniel S. Weld
Penelope Markellou,Athanasios K. Tsakalidis
Penelope Markellou,George Mayritsakis
Penelope Markellou,Spiros Sirmakessis
Penina Hoz-Weiss,Jonathan Wilkenfeld
Penina Hoz-Weiss,Sarit Kraus
Penina Hoz-Weiss,Tara E. Santmire
Per Lidén,Henrik Boström
Per Lidén,Lars Asker
Peter A. Boncz,Martin L. Kersten
Peter A. Flach,Adam Kowalczyk
Peter A. Flach,Alexander J. Smola
Peter A. Flach,Branko Kavsek
Peter A. Flach,José Hernández-Orallo
Peter A. Tucker,David Maier 0001
Peter Bumbulis,Ivan T. Bowman
Peter Buneman,Keishi Tajima
Peter Buneman,Sanjeev Khanna
Peter Buneman,Wang Chiew Tan
Peter Christen,Justin Zhu
Peter Christen,Tim Churches
Peter Clark,Andres C. Rodriguez
Peter Clark,Bruce W. Porter
Peter Clark,Michael Eriksen
Peter Clark,Sunil Mishra
Peter F. Patel-Schneider,Frank van Harmelen
Peter F. Patel-Schneider,Jérôme Siméon
Peter Fankhauser,Sven Overhage
Peter Fankhauser,Tobias Groh
Peter J. Haas,Jeffrey F. Naughton
Peter J. Haas,Peter Scheuermann
Peter L. Bartlett,Laurent El Ghaoui
Peter L. Bartlett,Michael I. Jordan
Peter M. Fischer 0001,Michael J. Franklin
Peter M. Fischer 0001,Raymond To
Peter M. G. Apers,Martin L. Kersten
Peter M. G. Apers,Menzo Windhouwer
Peter M. Schwarz,Eileen Tien Lin
Peter M. Schwarz,Laura M. Haas
Peter Rieger,Dieter Merkel
Peter Rieger,Johann Christoph Freytag
Peter Scheuermann,Huan Liu 0001
Peter Stone,David A. McAllester
Peter Stone,János A. Csirik
Peter Stone,Michael L. Littman
Peter Stone,Peter R. Wurman
Peter Winklhofer,Alfons Kemper
Peter Z. Kunszt,Christopher Stoughton
Peter Z. Kunszt,Jan vandenBerg
Peter van der Putten,Amar Gupta
Peter van der Putten,Joost N. Kok
Philip A. Bernstein,Alon Y. Halevy
Philip A. Bernstein,Pedro M. Domingos
Philip Bohannon,Ehud Gudes
Philip Bohannon,Henry F. Korth
Philip Bohannon,Jeffrey F. Naughton
Philip Bohannon,Juliana Freire
Philip Bohannon,Jérôme Siméon
Philip Bohannon,Maya Ramanath
Philip Bohannon,Pradeep Shenoy
Philip Bohannon,Sumit Ganguly
Philip Derbeko,Ran El-Yaniv
Philip Derbeko,Ron Meir
Philip S. Yu,Jay Sethuraman
Philip S. Yu,Richard R. Muntz
Philip S. Yu,Salvatore J. Stolfo
Phillip B. Gibbons,Christos Faloutsos
Phillip B. Gibbons,Gary Valentin
Phillip B. Gibbons,Todd C. Mowry
Pierluigi Miraglia,David Baxter
Pierluigi Miraglia,Nancy Salay
Pierluigi Miraglia,Robert C. Kahlert
Pierluigi Miraglia,Roland Reagan
Ping Chen,Andrew Lim 0001
Piotr Indyk,Nick Koudas
Pradeep Shenoy,Ehud Gudes
Pradeep Shenoy,Philip Bohannon
Pramod K. Singh,David Dagan Feng
Pramod K. Singh,Simeon J. Simoff
Prashant Choudhari,Hasan Davulcu
Prashant J. Shenoy,Renu Tewari
Preben Hansen,Daniela Petrelli
Preben Hansen,Jussi Karlgren
Preben Hansen,Mark Sanderson
Preben Hansen,Micheline Beaulieu
Prem Melville,Raymond J. Mooney
Qi Li 0001,Chandra Kambhamettu
Qi Li 0001,Tao Li 0001
Qi Zhang,Jason E. Fritts
Qi Zhang,Sally A. Goldman
Qi Zhang,Wei Yu 0003
Qi Zhang Liu,Hirotaka Ono
Qiang Ding,William Perrizo
Qiang Yang 0001,Hong Cheng
Qiang Yang 0001,Jie Cheng
Qin Ding 0001,Qiang Ding
Qin Ding 0001,William Perrizo
Qiong Luo 0001,Bruce G. Lindsay 0001
Qiong Luo 0001,Hamid Pirahesh
Qiong Luo 0001,Jeffrey F. Naughton
Qiong Luo 0001,Larry Brown
Quan Z. Sheng,Anne H. H. Ngu
Quan Z. Sheng,Eileen Oi-Yan Mak
Quan Z. Sheng,Marlon Dumas
Radek Vingralek,Umesh Maheshwari
Radek Vingralek,William Shapiro
Radu Sion,Oliver Po
Raffaele Perego 0001,Fabrizio Silvestri
Rahul Gupta,Sugata Ghosal
Rajeev Motwani 0001,Jennifer Widom
Rajeev Motwani 0001,Nina Mishra
Rakesh Agrawal 0001,Amit Somani
Rakesh Agrawal 0001,Daniel Gruhl
Rakesh Agrawal 0001,Jerry Kiernan
Rakesh Agrawal 0001,Johannes Gehrke
Ralf Herbrich,John Shawe-Taylor
Ralf Rantzau,Bernhard Mitschang
Ralf Rantzau,Carmen Constantinescu
Ralf Rantzau,Holger Meinecke
Ralf Rantzau,Leonard D. Shapiro
Ralf Rantzau,Quan Wang
Ralf Rantzau,Uwe Heinkel
Rama Akkiraju,Frederick Y. Wu
Ramesh Nallapati,James Allan
Ramesh Natarajan,Edwin P. D. Pednault
Rami Smair,Wei Zhang
Ramon Lawrence,Ken Barker 0001
Ramón López de Mántaras,Carles Sierra
Ran El-Yaniv,Ron Meir
Randal C. Nelson,Rahul Sukthankar
Randal E. Bryant,Manuela M. Veloso
Randall W. Hill Jr.,Michael van Lent
Ray Budd,John Langston
Raymond Kosala,Hendrik Blockeel
Raymond Kosala,Jan Van den Bussche
Raymond Kosala,Maurice Bruynooghe
Raymond Lieu,Alpha K. Luk
Raymond T. Ng,Christine Xing Wang
Raymond T. Ng,Heikki Mannila
Raymond T. Ng,Man Saint Yuen
Raymond T. Ng,Steve Jones
Raymond T. Ng,Theodore Johnson
Renato O. Stehling,Alexandre X. Falcão
Renato O. Stehling,Mario A. Nascimento
Renée J. Miller,Felix Naumann
Renée J. Miller,Mauricio A. Hernández
Renée J. Miller,Ronald Fagin
Ricardo A. Baeza-Yates,Carlos Castillo 0001
Ricardo A. Baeza-Yates,Felipe Saint-Jean
Ricardo Vilalta,Sheng Ma
Ricardo Vilalta,Youssef Drissi
Riccardo Martoglia,Paolo Tiberio
Riccardo Ortale,Andrea Pugliese 0001
Richard Goodwin,Frederick Y. Wu
Richard Goodwin,Rama Akkiraju
Richard Kirkby,Eibe Frank
Richard Kirkby,Mark A. Hall
Richard Mann,Allan D. Jepson
Richard Nock,Patrice Lefaucheur
Richard Sidle,Hamid Pirahesh
Richard Sidle,Roberta Cochrane
Rickard Cöster,Martin Svensson
Rina Dechter,Eyal Bin
Rina Dechter,Kalev Kask
Rina Dechter,Roy Emek
Rob Powers,Yoav Shoham
Robert C. Kahlert,David Baxter
Robert C. Kahlert,Roland Reagan
Robert E. Schapire,David A. McAllester
Robert E. Schapire,János A. Csirik
Robert E. Schapire,Marie Rochery
Robert E. Schapire,Mazin G. Rahim
Robert E. Schapire,Michael L. Littman
Robert E. Schapire,Peter Stone
Robert Fenk,Klaus Elhardt
Robert Fenk,Rudolf Bayer
Robert Givan,Jeffrey Mark Siskind
Robert Hanek,Sebastian Buck 0001
Robert L. Grossman,Richard G. Larson
Robert Laurini,Sylvie Servigne
Robert Mateescu,Kalev Kask
Robert Mateescu,Rina Dechter
Robert Rasch,Alexander Kott
Robert Rasch,Kenneth D. Forbus
Robert Stockton,Chip Whitmer
Robert W. P. Luk,Vincent T. Y. Ng
Roberta Cochrane,Hamid Pirahesh
Roberto F. Santos Filho,Christos Faloutsos
Roberto J. Bayardo Jr.,Amit Somani
Roberto J. Bayardo Jr.,Daniel Gruhl
Roberto J. Bayardo Jr.,Rakesh Agrawal 0001
Robin N. Shaw,Brian J. Garner
Rodney W. Topor,Hong Shen 0001
Rodrigo C. Vieira,Alberto H. F. Laender
Roelof van Zwol,Henk Ernst Blok
Roelof van Zwol,Martin L. Kersten
Roelof van Zwol,Menzo Windhouwer
Roelof van Zwol,Peter M. G. Apers
Roelof van Zwol,Willem Jonker
Roger S. Barga,David B. Lomet
Roger S. Barga,Gerhard Weikum
Rohan A. Baxter,Simon Hawkins
Roland Jesse,Andreas Stephanik
Roland Pieringer,Frank Ramsak
Roland Pieringer,Klaus Elhardt
Roland Pieringer,Robert Fenk
Roland Pieringer,Rudolf Bayer
Roland Pieringer,Volker Markl
Ronen Feldman,Yonatan Aumann
Rong Chen,Krishnamoorthy Sivakumar
Rong Jin,Alexander G. Hauptmann
Rong Jin,ChengXiang Zhai
Rong Jin,James P. Callan
Rong Jin,Luo Si
Rong Jin,Paul Ogilvie
Rong Zhou 0001,Eric A. Hansen
Ronny Lempel,Shlomo Moran
Rosa Meo,Giuseppe Psaila
Ross Purves,Anne Ruas
Ross Purves,Marc J. van Kreveld
Ross Purves,Mark Sanderson
Ross Purves,Monika Sester
Ross Purves,Robert Weibel
Rune M. Jensen,Manuela M. Veloso
Rune M. Jensen,Randal E. Bryant
Russell Greiner,Michael Molloy
Russell Greiner,Ryan Hayward
Russell Greiner,Wei Zhou
Ryan Hayward,Michael Molloy
Ryan Kling,Olivier Y. de Vel
Ryong Lee,Hiroki Takakura
Sabine M. McConnell,David B. Skillicorn
Sabrina De Capitani di Vimercati,Pierangela Samarati
Sabrina De Capitani di Vimercati,Stefano Paraboschi
Sadiye Guler,Ian A. Pushee
Sai Surya Kiran Evani,Mahesh Datt Yemmanuru
Sai Surya Kiran Evani,Sumit Ganguly
Said Elnaffar,Randy Horman
Sait Pektas,Serkan Toprak
Sally A. Goldman,Jason E. Fritts
Sally A. Goldman,Wei Yu 0003
Salvatore Orlando 0001,Fabrizio Silvestri
Salvatore Orlando 0001,Paolo Palmerini
Salvatore Orlando 0001,Raffaele Perego 0001
Sam Maes,Bernard Manderick
Sam Yuan Sung,Sun Peng
Sam Yuan Sung,Zhao Li
Samuel Kaski,Janne Nikkilä
Samuel Kounev,Alejandro P. Buchmann
Samuel Madden,Joseph M. Hellerstein
Samuel Madden,Michael J. Franklin
Sandeep Seri,Prasad Tadepalli
Sanjay Agrawal 0001,Gautam Das 0001
Sanjeev Khanna,Keishi Tajima
Sanjeev Khanna,Wang Chiew Tan
Santiago Ontañón,Enric Plaza
Sarah Harwell,Anne Diekema
Sarah Harwell,Joanne Silverstein
Sarah Harwell,Nancy J. McCracken
Sarah Harwell,Necati Ercan Ozgencil
Sarah Harwell,Stuart A. Sutton
Sarah Harwell,Susan Corieri
Sarah Harwell,Özgür Yilmazel
Sariel Har-Peled,Dan Roth
Sarit Kraus,Donald Perlis
Sarit Kraus,Jonathan Wilkenfeld
Sarit Kraus,Tara E. Santmire
Sasha Blair-Goldensohn,Dragomir R. Radev
Satinder P. Singh,Diane J. Litman
Satinder P. Singh,Jessica Howe
Satoshi Morinaga,Kenji Tateishi
Satoshi Morinaga,Kenji Yamanishi
Satoshi Morinaga,Toshikazu Fukushima
Sau Dan Lee,Heikki Mannila
Se June Hong,Jonathan R. M. Hosking
Se June Hong,Ramesh Natarajan
Sean Davey,Anne Descour
Sean Davey,Richard T. Snodgrass
Sebastian Thrun,Ben Wegbreit
Sebastian Thrun,Daphne Koller
Selina Chu,David M. Hart
Selina Chu,Eamonn J. Keogh
Selina Chu,Michael J. Pazzani
Selma Ayse Özel,Özgür Ulusoy
Sen Zhang,Jason Tsong-Li Wang
Sen Zhang,Li Liao
Seng Wai Loke,Arkady B. Zaslavsky
Serge Abiteboul,Amélie Marian
Serge Abiteboul,Ioana Manolescu
Serge Abiteboul,Omar Benjelloun
Serge Abiteboul,Roger Weber
Serge Abiteboul,Tova Milo
Sergej Sizov,Gerhard Weikum
Sergej Sizov,Martin Theobald
Sergej Sizov,Stefan Siersdorfer
Sergey Melnik 0001,Erhard Rahm
Sergey Melnik 0001,Hector Garcia-Molina
Sergio Flesca,Filippo Furfaro
Sergio Flesca,Sergio Greco
Shahram Ghandeharizadeh,Esam Alwagait
Shahram Ghandeharizadeh,Frank Sommers
Shai Ben-David,Johannes Gehrke
Shai Ben-David,Reba Schuller
Shai Fine,Naftali Tishby
Shai Shalev-Shwartz,Nir Friedman
Shai Shalev-Shwartz,Shlomo Dubnov
Shai Shalev-Shwartz,Yoram Singer
Sham M. Kakade,John Langford 0001
Sham M. Kakade,Sam T. Roweis
Sham M. Kakade,Yee Whye Teh
Shannon Bradshaw,Kristian J. Hammond
Shaul Markovitch,Ehud Rivlin
Sheila Tejada,Craig A. Knoblock
Sheila Tejada,Steven Minton
Sheng Ma,Joseph L. Hellerstein
Sheng Ma,Philip S. Yu
Shinji Kawasoe,Hiroki Arimura
Shinji Kawasoe,Hiroshi Sakamoto
Shinji Kawasoe,Tatsuya Asai
Shlomo Dubnov,Nir Friedman
Shlomo Dubnov,Yoram Singer
Shlomo Zilberstein,Lev Finkelstein
Shobha Venkataraman,Daphne Koller
Shoichi Takagi,Keisuke Nakamura
Shoji Hirano,Shusaku Tsumoto
Shon Vick,David Alger
Shu-Yao Chien,Carlo Zaniolo
Siegfried Handschuh,Steffen Staab
Simeon J. Simoff,David Dagan Feng
Simeon J. Simoff,Robert P. Biuk-Aghai
Simon Fong 0001,Serena Chan
Simon Perkins,James Theiler
Simon Perkins,Stanley C. Ahalt
Simonas Saltenis,Christian S. Jensen
Siva Ravada,Daniel Abugov
Sofia Alexaki,Dimitris Plexousakis
Sofia Alexaki,Michel Scholl
Soumen Chakrabarti,Arvind Hulgeri
Soumen Chakrabarti,David M. Pennock
Soumen Chakrabarti,Mahesh V. Soundalgekar
Soumen Chakrabarti,Mukul Joshi
Spiros Kapetanakis,Daniel Kudenko
Spiros Papadimitriou,Christos Faloutsos
Spiros Papadimitriou,Tara M. Madhyastha
Spiros Sirmakessis,Athanasios K. Tsakalidis
Spiros Sirmakessis,George Mayritsakis
Srini Narayanan,Sheila A. McIlraith
Stefan Decker,Matthias Palmér
Stefan Decker,Michael Sintek
Stefan Decker,Mikael Nilsson
Stefan Decker,Tore Risch
Stefan Edlund,Calvin Powers
Stefan Edlund,Daniel Alexander Ford
Stefan Klink,Andreas Dengel 0001
Stefan Klink,Armin Hust
Stefan Klink,Markus Junker 0002
Stefan Kramer 0001,Friedrich Neubarth
Stefan Kramer 0001,Gerhard Widmer
Stefan Kramer 0001,Hannes Pirker
Stefan Kramer 0001,Luc De Raedt
Stefan Manegold,Martin L. Kersten
Stefan Manegold,Peter A. Boncz
Stefan Seltzsam,Alfons Kemper
Stefan Seltzsam,Konrad Stocker
Stefan Siersdorfer,Gerhard Weikum
Stefan Siersdorfer,Martin Theobald
Stefania Marrara,Barbara Oliboni
Stefania Marrara,Daniele Pasini
Stefania Marrara,Giuseppe Viviani
Stefania Marrara,Letizia Tanca
Stefano Leonardi,Guido Caldarelli
Stefano Lonardi,Bill Yuan-chi Chiu
Stefano Paraboschi,Pierangela Samarati
Steffen Christ,Brian Murphy
Steffen Christ,Elke A. Rundensteiner
Stelios Paparizos,Andrew Nierman
Stelvio Cimato,Annalisa De Bonis
Stephan Heymann,Axel Kilian
Stephan Heymann,Dieter Merkel
Stephan Heymann,Gunnar Wegner
Stephan Heymann,Johann Christoph Freytag
Stephan Heymann,Katja Tham
Stephan Heymann,Peter Rieger
Stephen Blott,Henry F. Korth
Stephen Cronen-Townsend,Yun Zhou
Stephen D. Bay,Daniel G. Shapiro
Stephen D. Bay,Pat Langley
Stephen Kwek,Chau Nguyen
Steve Lawrence,David M. Pennock
Steve Lawrence,Gary William Flake
Steve Lawrence,Robert Krovetz
Steven Eschrich,Lawrence O. Hall
Steven M. Beitzel,Angelo J. Pilotto
Steven M. Beitzel,Ophir Frieder
Steven Minton,Craig A. Knoblock
Stuart Andrews,David H. Laidlaw
Stuart Andrews,Ioannis Tsochantaridis
Stuart Andrews,Thomas Hofmann
Stéphane Lallich,Fabrice Muhlenbach
Sudeshna Adak,Deo N. Bhardwaj
Sudeshna Adak,Manish P. Kurhekar
Sudeshna Adak,Pankaj Kankar
Sumit Ganguly,Henry F. Korth
Sumit Ganguly,Mahesh Datt Yemmanuru
Sumit Ganguly,Pradeep Shenoy
Sung Jin Kim,Sang Ho Lee 0004
Sunil Mishra,Andres C. Rodriguez
Sunil Mishra,Bruce W. Porter
Sunil Prabhakar,Athena Vakali
Sunil Prabhakar,Yi-Cheng Tu
Sunita Sarawagi,Alok Kirpal
Sunita Sarawagi,Anuradha Bhamidipaty
Sunita Sarawagi,Chandra Mouli
Sunita Sarawagi,Soumen Chakrabarti
Susan Corieri,Anne Diekema
Susan Corieri,Joanne Silverstein
Susan Corieri,Nancy J. McCracken
Susan Corieri,Necati Ercan Ozgencil
Susan Corieri,Stuart A. Sutton
Susan Corieri,Özgür Yilmazel
Susan Dziadosz,Raman Chandrasekar
Susan T. Dumais,Andrew Y. Ng
Susan T. Dumais,Eric Brill
Susan T. Dumais,Eric Horvitz
Susan T. Dumais,Jimmy J. Lin
Susan T. Dumais,Michele Banko
Susanne Hoche,Stefan Wrobel
Sven Koenig,David Furcy
Sven Koenig,Maxim Likhachev
Sven Wachsmuth,Gerhard Sagerer
Svetlana Kiritchenko,Stan Matwin
Szymon Jaroszewicz,Dan A. Simovici
Sören Balko,Gunter Saake
Sören Balko,Ingo Schmitt
Tadashi Nomoto,Yuji Matsumoto 0001
Taher H. Haveliwala,Aristides Gionis
Taher H. Haveliwala,Dan Klein
Taher H. Haveliwala,Piotr Indyk
Takao Miura,Kohei Watanabe
Takayoshi Shoudai,Hiroaki Ueda
Takayoshi Shoudai,Kenichi Takahashi
Takayoshi Shoudai,Tomoyuki Uchida
Takayoshi Shoudai,Yasuaki Nakamura
Tamas Abraham,Olivier Y. de Vel
Tamas Abraham,Ryan Kling
Tao Hu,Vikas Chowdhry
Tao Li 0001,Chandra Kambhamettu
Tao Luo 0008,Miki Nakagawa
Tapio Elomaa,Juho Rousu
Tapio Elomaa,Matti Kääriäinen
Tatsuya Asai,Hiroki Arimura
Tatsuya Asai,Hiroshi Sakamoto
Tatsuya Asai,Kenji Abe
Tatsuya Asai,Shinji Kawasoe
Terence Kelly,Jeffrey C. Mogul
Teresa Mah,Ying Li
Tetsuhiro Miyahara,Hiroaki Ueda
Tetsuhiro Miyahara,Kenichi Takahashi
Tetsuhiro Miyahara,Takayoshi Shoudai
Tetsuhiro Miyahara,Tomoyuki Uchida
Tetsuhiro Miyahara,Yasuaki Nakamura
Tetsuhiro Miyahara,Yusuke Suzuki
Tetsuya Sakai,Stephen E. Robertson
Tetsuya Yoshida,Hiroshi Motoda
Tetsuya Yoshida,Takashi Washio
Themistoklis Palpanas,Hamid Pirahesh
Themistoklis Palpanas,Richard Sidle
Themistoklis Palpanas,Roberta Cochrane
Theodora Tsikrika,Mounia Lalmas
Theodore J. Perkins,Lev Finkelstein
Theodore J. Perkins,Mark D. Pendrith
Theodore J. Perkins,Shlomo Zilberstein
Theodore Johnson,Oliver Spatscheck
Theodore Johnson,Vladislav Shkapenyuk
Thomas Eiter,Kazuhisa Makino
Thomas G. Dietterich,Carles Sierra
Thomas G. Dietterich,Dídac Busquets
Thomas G. Dietterich,Ramón López de Mántaras
Thomas Gärtner 0001,Adam Kowalczyk
Thomas Gärtner 0001,Alexander J. Smola
Thomas Gärtner 0001,Peter A. Flach
Thomas Hofmann,Ioannis Tsochantaridis
Thomas Kudrass,Matthias Conrad
Thomas Mostek,Ronald W. Ferguson
Thomas R. Ioerger,John Yen
Thomas R. Lynam,Egidio L. Terra
Thomas Rölleke,Gabriella Kazai
Thomas Rölleke,Ian Ruthven
Thomas Rölleke,Mounia Lalmas
Thomas Rölleke,Stefan Quicker
Thomas Sødring,Alan F. Smeaton
Thorsten Brants,Francine Chen 0001
Thorsten Brants,Ioannis Tsochantaridis
Thorsten Schmitt,Michael Beetz
Thorsten Schmitt,Robert Hanek
Thorsten Schmitt,Sebastian Buck 0001
Tiffany Ya Tang,Gordon I. McCalla
Tim Churches,Justin Zhu
Tim Furche,François Bry
Tim Oates,Carole R. Beal
Tim Oates,Devina Desai
Tim Oates,Niall M. Adams
Tim Oates,Vinay Bhat
Timothy W. Finin,Anupam Joshi
Tina Eliassi-Rad,Terence Critchlow
Tobias Groh,Sven Overhage
Tobias Scheffer,Stefan Wrobel
Todd C. Mowry,Gary Valentin
Tolga Urhan,Laura Bright
Tom Pierce,Chip Whitmer
Tom Pierce,Robert Stockton
Tomoyuki Uchida,Hiroaki Ueda
Tomoyuki Uchida,Kazuya Yamada
Tomoyuki Uchida,Kenichi Takahashi
Tomoyuki Uchida,Takayoshi Shoudai
Tomoyuki Uchida,Tetsuhiro Miyahara
Tomoyuki Uchida,Yasuaki Nakamura
Tong Zhang 0001,Sholom M. Weiss
Tong Zheng,Randy Goebel
Toon Calders,Bart Goethals
Torsten Grabs,Klemens Böhm
Toshihiro Kamishima,Shotaro Akaho
Tova Milo,Roger Weber
Trond Grenager,Rob Powers
Trond Grenager,Yoav Shoham
Tu Bao Ho,Trong Dung Nguyen
Tuan Nam Tran,Masayuki Numao
Tuomas Sandholm,Xiao Feng Wang
Turid Hedlund,Eija Airio
Ugo Dal Lago,Marco Pistore
Ugo Dal Lago,Paolo Traverso
Ulrich Rückert 0002,Luc De Raedt
Ulrich Rückert 0002,Stefan Kramer 0001
Umberto Maniscalco,Daniele Peri
Umberto Maniscalco,Roberto Pirrone
Umesh Maheshwari,William Shapiro
Un Yong Nahm,Raymond J. Mooney
Urvi Shah,Anupam Joshi
Urvi Shah,Timothy W. Finin
Uwe Heinkel,Holger Meinecke
Uwe Röhm,Heiko Schuldt
Uwe Röhm,Klemens Böhm
Valentina Bayer Zubek,Thomas G. Dietterich
Valery A. Petrushin,Anatole Gershman
Valter Crescenzi,Paolo Merialdo
Vanja Josifovski,Eileen Tien Lin
Vanja Josifovski,Laura M. Haas
Vanja Josifovski,Peter M. Schwarz
Vasa Curcin,Anthony Rowe
Vasa Curcin,Jameel Syed
Vasa Curcin,Martin Köhler
Vasa Curcin,Moustafa Ghanem
Vasa Curcin,Patrick Wendel
Vasundhara Puttagunta,Konstantinos Kalpakis
Vicente Orjales,Anastasio Molano
Vicente Orjales,Justo Hidalgo
Vicente Orjales,Lucía Ardao
Vicente Orjales,Ángel Viña
Victor Lavrenko,Martin Choquette
Victor M. Markowitz,Anthony Kosky
Vijay Boyapati,Avi Finkel
Vijay Boyapati,Chip Whitmer
Vijay Boyapati,Kristie Chevrier
Vijay Boyapati,Natalie S. Glance
Vijay Boyapati,Robert Stockton
Vijay Boyapati,Tom Pierce
Vinay K. Chaudhri,Andres C. Rodriguez
Vinay K. Chaudhri,Bruce W. Porter
Vinay K. Chaudhri,Michael Eriksen
Vinay K. Chaudhri,Peter Clark
Vinay K. Chaudhri,Sunil Mishra
Vincent Conitzer,Tuomas Sandholm
Vivek R. Narasayya,Sunita Sarawagi
Vladimir Vovk,Alexander Gammerman
Vladimir Zadorozhny,Laura Bright
Vladimir Zadorozhny,Tolga Urhan
Vladislav Shkapenyuk,Oliver Spatscheck
Vladislav Shkapenyuk,Torsten Suel
Volker Markl,Frank Ramsak
Volker Markl,Guy M. Lohman
Volker Markl,Klaus Elhardt
Volker Markl,Robert Fenk
Volker Markl,Rudolf Bayer
Volodya Vovk,Alexander Gammerman
Wagner Meira Jr.,Bruno Pôssas
Wagner Meira Jr.,Mohammed Javeed Zaki
Wagner Meira Jr.,Márcio de Carvalho
Wai Fu Fung,David Sun
Wai Fu Fung,Johannes Gehrke
Wai Gen Yee,Chris Jermaine
Wai Gen Yee,Edward Omiecinski
Wai Lup Low,Stéphane Bressan
Walid G. Aref,Ahmed K. Elmagarmid
Walid G. Aref,Ann Christine Catlin
Walid G. Aref,Athena Vakali
Walid G. Aref,Ihab F. Ilyas
Walid G. Aref,Mikhail J. Atallah
Walid G. Aref,Moustafa A. Hammad
Walid G. Aref,Sunil Prabhakar
Walid G. Aref,Yi-Cheng Tu
Wei Fan 0001,Fang Chu
Wei Fan 0001,Philip S. Yu
Wei Fan 0001,Salvatore J. Stolfo
Wei Li,Richard T. Snodgrass
Wei Wang 0010,Jiong Yang
Wei Wang 0010,Philip S. Yu
Wei Wang 0010,Richard R. Muntz
Wei Wang 0011,Jeffrey Xu Yu
Wei Yu 0003,Jason E. Fritts
Werner Kießling,Gerhard Köstler
Wessel Kraaij,Thijs Westerveld
Willem Jonker,Martin L. Kersten
Willem Jonker,Menzo Windhouwer
Willem Jonker,Peter M. G. Apers
Willi Klösgen,Michael May 0001
William Jockheck,Amal Perera
William Jockheck,Yi Zhang
William M. Campbell,Kari Torkkola
William Perrizo,Amal Perera
William Perrizo,William Jockheck
William Perrizo,Yi Zhang
William W. Cohen,Jacob Richman
William W. Cohen,Lee S. Jensen
William W. Cohen,Matthew Hurst
Wolfgang Hümmer,Lutz Schlesinger
Wolfgang Lehner,Lutz Schlesinger
Wolfgang Lehner,Wolfgang Hümmer
Wolfgang Mahnke,Christian Mathis
Wolfgang Mahnke,Norbert Ritter
Wolfgang Nejdl,Boris Wolf
Wolfgang Nejdl,Matthias Palmér
Wolfgang Nejdl,Michael Sintek
Wolfgang Nejdl,Mikael Nilsson
Wolfgang Nejdl,Stefan Decker
Wolfgang Nejdl,Tore Risch
Wolfram Conen,Tuomas Sandholm
Won-Young Kim,Byung Suk Lee
Wynne Hsu,Keng Lik Teo
Wynne Hsu,Xia Yang
Xavier Carreras,Dan Roth
Xi S. Guo,Peter Jackson
Xiang Liu,Jordan Parker
Xiang Liu,Tie Zhong
Xiang Liu,Zheng Zeng
Xiao Mang Shou,Mark Sanderson
Xin Huang 0012,Mei-Ling Shyu
Xin Liu 0046,Wei Xu 0007
Xin Zhang 0002,Brian Murphy
Xin Zhang 0002,Elke A. Rundensteiner
Xin Zhang 0002,Mukesh Mulchandani
Xin Zhang 0002,Steffen Christ
Yaakov Engel,Ron Meir
Yael Petruschka,Aya Soffer
Yan Liu 0002,Jaime G. Carbonell
Yannis Kotidis,Martin Strauss 0001
Yannis Manolopoulos,Yannis Theodoridis
Yannis Papakonstantinou,Michalis Petropoulos
Yannis Papakonstantinou,Vasilis Vassalos
Yannis Sismanis,Antonios Deligiannakis
Yannis Sismanis,Nick Roussopoulos
Yannis Sismanis,Yannis Kotidis
Yannis Velegrakis,Felix Naumann
Yannis Velegrakis,Mauricio A. Hernández
Yannis Velegrakis,Renée J. Miller
Yannis Velegrakis,Ronald Fagin
Yee Whye Teh,Sam T. Roweis
Yi Chen 0001,Susan B. Davidson
Yi Li,Julia Couto 0001
Yi Shang,Wei Zhang
Yi Xia,Jiong Yang
Yi Xia,Philip S. Yu
Yi Xia,Richard R. Muntz
Yi Xia,Wei Wang 0010
Yi Zhang 0001,James P. Callan
Yi Zhang 0001,Thomas P. Minka
Yi-Cheng Tu,Athena Vakali
Yi-Dong Shen,Qiang Yang 0001
Yi-Dong Shen,Zhong Zhang
Yi-Ping Phoebe Chen,Binh Pham 0001
Ying Lu 0001,Petre Tzvetkov
Ying Yang 0001,Geoffrey I. Webb
Ying Zhao 0008,George Karypis
Yoav Shoham,Moshe Tennenholtz
Yong Wang,Ian H. Witten
Yorick Wilks,Daniela Petrelli
Yoshikazu Fujikawa,Tu Bao Ho
Yu Shao,Chris Bystroff
Yu Shao,Mohammed Javeed Zaki
Yuan Gao,Oliver Spatscheck
Yuan Gao,Theodore Johnson
Yuan Gao,Vladislav Shkapenyuk
Yukio Ohsawa,Hirotaka Soma
Yukio Ohsawa,Masaki Usui
Yukio Ohsawa,Naohiro Matsumura
Yukio Ohsawa,Yutaka Matsuo
Yusuf Tambag,Sait Pektas
Yusuf Tambag,Serkan Toprak
Yusuke Ohura,Iko Pramudiono
Yusuke Ohura,Katsumi Takahashi
Yusuke Ohura,Masaru Kitsuregawa
Yusuke Suzuki,Hiroaki Ueda
Yusuke Suzuki,Kenichi Takahashi
Yusuke Suzuki,Takayoshi Shoudai
Yusuke Suzuki,Tomoyuki Uchida
Yutaka Matsuo,Masaki Usui
Yutaka Matsuo,Naohiro Matsumura
Zhao Li,Sun Peng
Zhen Xiao,Fred Douglis
Zheng Chen 0001,Feng Zhang
Zheng Chen 0001,Liu Wenyin
Zheng Xuan Loh,Sin Yeung Lee
Zheng Zeng,Tie Zhong
Zhong Zhang,Qiang Yang 0001
Zhu Zhang,Dragomir R. Radev
Zhu Zhang,Sasha Blair-Goldensohn
Özgür Yilmazel,Anne Diekema
Özgür Yilmazel,Joanne Silverstein
Özgür Yilmazel,Nancy J. McCracken
Özgür Yilmazel,Necati Ercan Ozgencil
Özgür Yilmazel,Stuart A. Sutton
